game_id,game_order,event,site,date_played,round,white,black,result,white_elo,white_rating_diff,black_elo,black_rating_diff,white_title,black_title,winner,winner_elo,loser,loser_elo,winner_loser_elo_diff,eco,termination,time_control,utc_date,utc_time,variant,ply_count,date_created,file_name
331c4c30-e79c-4e5d-81fa-1cf2e76b953e,1,Titled Arena April '20,https://lichess.org/CB67CItS,2020.04.25,?,penguingim1,manwithavan,1-0,3078,+6,3092,-6,GM,GM,penguingim1,3078,manwithavan,3092,-14,E61,Time forfeit,60+0,2020.04.25,20:59:13,Standard,,2021-07-25T22:51:09+0000,lichess_manwithavan_2021-07-25.pgn
f3ee8062-cdd3-4511-8a86-9f938357103a,2,Titled Arena April '20,https://lichess.org/VpZWDL5Z,2020.04.25,?,manwithavan,Sasha,1/2-1/2,3093,-1,3010,+1,GM,GM,draw,,draw,,0,A00,Normal,60+0,2020.04.25,20:57:37,Standard,,2021-07-25T22:51:09+0000,lichess_manwithavan_2021-07-25.pgn
631a84fd-8686-4156-a57a-f88a81bc297c,3,Titled Arena April '20,https://lichess.org/yub0qqbN,2020.04.25,?,muisback,manwithavan,0-1,2934,-3,3090,+3,GM,GM,manwithavan,3090,muisback,2934,156,C55,Normal,60+0,2020.04.25,20:56:38,Standard,,2021-07-25T22:51:09+0000,lichess_manwithavan_2021-07-25.pgn
f95c62cd-4674-404f-a627-0cf583a3775f,4,Titled Arena April '20,https://lichess.org/kM2gwCmi,2020.04.25,?,opperwezen,manwithavan,0-1,2850,-3,3087,+3,IM,GM,manwithavan,3087,opperwezen,2850,237,B01,Normal,60+0,2020.04.25,20:55:01,Standard,,2021-07-25T22:51:09+0000,lichess_manwithavan_2021-07-25.pgn
8072fd5b-d75f-43cc-9385-57dbf06e7d80,5,Titled Arena April '20,https://lichess.org/k4nwZBne,2020.04.25,?,manwithavan,sumsar42,1-0,3085,+2,2846,-3,GM,GM,manwithavan,3085,sumsar42,2846,239,B15,Normal,60+0,2020.04.25,20:54:04,Standard,,2021-07-25T22:51:09+0000,lichess_manwithavan_2021-07-25.pgn
fd1a0f53-064f-4388-abec-dbe8f23e22dc,6,Titled Arena April '20,https://lichess.org/BwY3eVhw,2020.04.25,?,manwithavan,may6enexttime,1-0,3081,+4,2930,-4,GM,GM,manwithavan,3081,may6enexttime,2930,151,D24,Time forfeit,60+0,2020.04.25,20:51:39,Standard,,2021-07-25T22:51:09+0000,lichess_manwithavan_2021-07-25.pgn
70bf43b6-5165-415d-aba9-85aded2ba720,7,Titled Arena April '20,https://lichess.org/ykPFhFjh,2020.04.25,?,manwithavan,GeorgMeier,1-0,3079,+2,2843,-2,GM,GM,manwithavan,3079,GeorgMeier,2843,236,C00,Normal,60+0,2020.04.25,20:49:45,Standard,,2021-07-25T22:51:09+0000,lichess_manwithavan_2021-07-25.pgn
70510911-ea35-4a7b-9693-bf300b53ea14,8,Titled Arena April '20,https://lichess.org/7fhXNrqU,2020.04.25,?,penguingim1,manwithavan,0-1,3073,-6,3073,+6,GM,GM,manwithavan,3073,penguingim1,3073,0,A43,Time forfeit,60+0,2020.04.25,20:47:28,Standard,,2021-07-25T22:51:09+0000,lichess_manwithavan_2021-07-25.pgn
6e4e2852-50fc-4579-999b-e823b17a75de,9,Titled Arena April '20,https://lichess.org/8mjlWUii,2020.04.25,?,Konevlad,manwithavan,1/2-1/2,2967,+1,3075,-2,GM,GM,draw,,draw,,0,D02,Normal,60+0,2020.04.25,20:45:16,Standard,,2021-07-25T22:51:09+0000,lichess_manwithavan_2021-07-25.pgn
874df42c-f01c-4552-adf6-41524a60b415,10,Titled Arena April '20,https://lichess.org/9nsE5SCb,2020.04.25,?,manwithavan,may6enexttime,1-0,3071,+4,2948,-4,GM,GM,manwithavan,3071,may6enexttime,2948,123,B90,Normal,60+0,2020.04.25,20:43:58,Standard,,2021-07-25T22:51:09+0000,lichess_manwithavan_2021-07-25.pgn
c7f15fd7-f7c6-4838-b161-9ce33e9cb49c,11,Titled Arena April '20,https://lichess.org/19By2LVX,2020.04.25,?,Inventing_Invention,manwithavan,1-0,2936,+8,3079,-8,GM,GM,Inventing_Invention,2936,manwithavan,3079,-143,A15,Normal,60+0,2020.04.25,20:42:22,Standard,,2021-07-25T22:51:09+0000,lichess_manwithavan_2021-07-25.pgn
3974c56b-8fcb-4475-895c-ae04a57c0662,12,Titled Arena April '20,https://lichess.org/u1XczV88,2020.04.25,?,manwithavan,nihalsarin2004,1-0,3073,+6,3078,-5,GM,GM,manwithavan,3073,nihalsarin2004,3078,-5,B10,Normal,60+0,2020.04.25,20:41:04,Standard,,2021-07-25T22:51:09+0000,lichess_manwithavan_2021-07-25.pgn
a047600f-e191-45fb-b243-31ba82f04565,13,Titled Arena April '20,https://lichess.org/9CP1izIn,2020.04.25,?,manwithavan,avalongamemaster,1/2-1/2,3075,-2,2966,+2,GM,GM,draw,,draw,,0,B02,Time forfeit,60+0,2020.04.25,20:38:48,Standard,,2021-07-25T22:51:09+0000,lichess_manwithavan_2021-07-25.pgn
5104c64a-b4a9-4b7a-b4f4-88381a3496b3,14,Titled Arena April '20,https://lichess.org/lzhoG0Li,2020.04.25,?,manwithavan,nihalsarin2004,1-0,3068,+7,3087,-6,GM,GM,manwithavan,3068,nihalsarin2004,3087,-19,B10,Normal,60+0,2020.04.25,20:37:11,Standard,,2021-07-25T22:51:09+0000,lichess_manwithavan_2021-07-25.pgn
67bd6237-1491-4e55-8c9a-83b8b5828c8c,15,Titled Arena April '20,https://lichess.org/rpRbBt5h,2020.04.25,?,avalongamemaster,manwithavan,1-0,2953,+8,3077,-9,GM,GM,avalongamemaster,2953,manwithavan,3077,-124,A01,Normal,60+0,2020.04.25,20:35:35,Standard,,2021-07-25T22:51:09+0000,lichess_manwithavan_2021-07-25.pgn
feae9b1a-51e5-4a85-9d3b-0883255775c8,16,Titled Arena April '20,https://lichess.org/Vq2maJlZ,2020.04.25,?,nihalsarin2004,manwithavan,0-1,3101,-6,3069,+8,GM,GM,manwithavan,3069,nihalsarin2004,3101,-32,A46,Normal,60+0,2020.04.25,20:34:16,Standard,,2021-07-25T22:51:09+0000,lichess_manwithavan_2021-07-25.pgn
aa52d54f-5d39-4e64-9016-194a2fc95e79,17,Titled Arena April '20,https://lichess.org/j6ZuAEtD,2020.04.25,?,Konevlad,manwithavan,1-0,2947,+7,3079,-10,GM,GM,Konevlad,2947,manwithavan,3079,-132,D04,Normal,60+0,2020.04.25,20:32:20,Standard,,2021-07-25T22:51:09+0000,lichess_manwithavan_2021-07-25.pgn
782d036e-38d7-489f-97d2-e94a5edd2942,18,Titled Arena April '20,https://lichess.org/xcxIeBjt,2020.04.25,?,manwithavan,nihalsarin2004,1/2-1/2,3078,+1,3097,+0,GM,GM,draw,,draw,,0,A45,Normal,60+0,2020.04.25,20:29:56,Standard,,2021-07-25T22:51:09+0000,lichess_manwithavan_2021-07-25.pgn
ff74f24a-e96d-43ee-97fa-8ebd87aaeb8f,19,Titled Arena April '20,https://lichess.org/rNRvD5Wy,2020.04.25,?,manwithavan,NeverEnough,1-0,3072,+6,3004,-4,GM,GM,manwithavan,3072,NeverEnough,3004,68,D02,Normal,60+0,2020.04.25,20:27:41,Standard,,2021-07-25T22:51:09+0000,lichess_manwithavan_2021-07-25.pgn
90daa3e6-9cd1-4a4b-85c7-ef984b6d419f,20,Titled Arena April '20,https://lichess.org/i3FZNHwC,2020.04.25,?,manwithavan,retired93,1-0,3068,+4,2898,-4,GM,GM,manwithavan,3068,retired93,2898,170,B50,Normal,60+0,2020.04.25,20:26:04,Standard,,2021-07-25T22:51:09+0000,lichess_manwithavan_2021-07-25.pgn
fe622ec7-53ec-4834-bee4-131222ec947e,21,Titled Arena April '20,https://lichess.org/QY2LOEDk,2020.04.25,?,Konevlad,manwithavan,0-1,2928,-3,3064,+4,GM,GM,manwithavan,3064,Konevlad,2928,136,A01,Normal,60+0,2020.04.25,20:23:53,Standard,,2021-07-25T22:51:09+0000,lichess_manwithavan_2021-07-25.pgn
021d236c-f58e-4420-9482-b7a18c81505c,22,Titled Arena April '20,https://lichess.org/o1rdw6iO,2020.04.25,?,manwithavan,dr_x1qL0,1-0,3060,+4,2872,-3,GM,IM,manwithavan,3060,dr_x1qL0,2872,188,C52,Normal,60+0,2020.04.25,20:21:47,Standard,,2021-07-25T22:51:09+0000,lichess_manwithavan_2021-07-25.pgn
1ec69a36-222e-43f6-a934-df40cb58076a,23,Titled Arena April '20,https://lichess.org/QnQvbn9j,2020.04.25,?,avalongamemaster,manwithavan,0-1,2937,-4,3054,+6,GM,GM,manwithavan,3054,avalongamemaster,2937,117,A00,Normal,60+0,2020.04.25,20:19:53,Standard,,2021-07-25T22:51:09+0000,lichess_manwithavan_2021-07-25.pgn
1d6ca406-d36f-4a26-bed8-e9f18bdcd816,24,Titled Arena April '20,https://lichess.org/Htd7GO68,2020.04.25,?,manwithavan,opperwezen,1-0,3051,+3,2794,-2,GM,IM,manwithavan,3051,opperwezen,2794,257,B15,Normal,60+0,2020.04.25,20:18:39,Standard,,2021-07-25T22:51:09+0000,lichess_manwithavan_2021-07-25.pgn
4257d856-8e61-4e6c-a6eb-525ef0cee242,25,Titled Arena April '20,https://lichess.org/rFBzQihN,2020.04.25,?,mutdpro,manwithavan,0-1,2974,-5,3045,+6,IM,GM,manwithavan,3045,mutdpro,2974,71,D02,Time forfeit,60+0,2020.04.25,20:16:06,Standard,,2021-07-25T22:51:09+0000,lichess_manwithavan_2021-07-25.pgn
05902db4-96cb-41f9-b070-16bc770e8211,26,Titled Arena April '20,https://lichess.org/iqkwN0iH,2020.04.25,?,avalongamemaster,manwithavan,1-0,2921,+8,3056,-11,GM,GM,avalongamemaster,2921,manwithavan,3056,-135,A04,Normal,60+0,2020.04.25,20:13:57,Standard,,2021-07-25T22:51:09+0000,lichess_manwithavan_2021-07-25.pgn
aecdb3e5-d64c-4aae-947e-d13ae10c1778,27,Titled Arena April '20,https://lichess.org/A4JpN2fM,2020.04.25,?,manwithavan,Night-King96,1-0,3048,+8,3015,-6,GM,GM,manwithavan,3048,Night-King96,3015,33,A46,Normal,60+0,2020.04.25,20:12:44,Standard,,2021-07-25T22:51:09+0000,lichess_manwithavan_2021-07-25.pgn
a88fa869-4a1e-4eeb-a513-7ca3f4e65c0c,28,Titled Arena April '20,https://lichess.org/yLoZXxTm,2020.04.25,?,manwithavan,Macrofago,1-0,3044,+4,2836,-3,GM,GM,manwithavan,3044,Macrofago,2836,208,B40,Normal,60+0,2020.04.25,20:11:15,Standard,,2021-07-25T22:51:09+0000,lichess_manwithavan_2021-07-25.pgn
88a0d6ae-e85d-4f50-bee6-15e52a544e07,29,Titled Arena April '20,https://lichess.org/976pwn0G,2020.04.25,?,manwithavan,nihalsarin2004,0-1,3052,-8,3100,+5,GM,GM,nihalsarin2004,3100,manwithavan,3052,48,B15,Normal,60+0,2020.04.25,20:09:27,Standard,,2021-07-25T22:51:09+0000,lichess_manwithavan_2021-07-25.pgn
ff5903a8-219d-48d7-a7ac-e8eea2f6ec18,30,Titled Arena April '20,https://lichess.org/3huoIE4Z,2020.04.25,?,manwithavan,avalongamemaster,0-1,3065,-13,2901,+8,GM,GM,avalongamemaster,2901,manwithavan,3065,-164,B02,Normal,60+0,2020.04.25,20:08:03,Standard,,2021-07-25T22:51:09+0000,lichess_manwithavan_2021-07-25.pgn
86da0bc3-ecef-4c5b-9c8a-d253b3ad68ce,31,Titled Arena April '20,https://lichess.org/Dv6zyALC,2020.04.25,?,srinathbaggins,manwithavan,0-1,2826,-2,3061,+4,GM,GM,manwithavan,3061,srinathbaggins,2826,235,A04,Normal,60+0,2020.04.25,20:07:27,Standard,,2021-07-25T22:51:09+0000,lichess_manwithavan_2021-07-25.pgn
32909486-c04e-4ccd-ba85-7358a05e8f22,32,Titled Arena April '20,https://lichess.org/BolUSfAP,2020.04.25,?,Sasha,manwithavan,0-1,2959,-7,3054,+7,GM,GM,manwithavan,3054,Sasha,2959,95,A07,Time forfeit,60+0,2020.04.25,20:05:05,Standard,,2021-07-25T22:51:09+0000,lichess_manwithavan_2021-07-25.pgn
40f83d4b-f10c-4bba-b82e-9e28249ca6c2,33,Titled Arena April '20,https://lichess.org/IBFsHyqj,2020.04.25,?,avalongamemaster,manwithavan,1/2-1/2,2897,+2,3058,-4,GM,GM,draw,,draw,,0,A00,Normal,60+0,2020.04.25,20:02:55,Standard,,2021-07-25T22:51:09+0000,lichess_manwithavan_2021-07-25.pgn
6a784770-e884-4121-a8c1-bc2c7eae2d91,34,Titled Arena April '20,https://lichess.org/EPnZAZeE,2020.04.25,?,manwithavan,nihalsarin2004,0-1,3067,-9,3102,+5,GM,GM,nihalsarin2004,3102,manwithavan,3067,35,B15,Normal,60+0,2020.04.25,20:00:54,Standard,,2021-07-25T22:51:09+0000,lichess_manwithavan_2021-07-25.pgn
57f616c0-ee42-4e9b-94b2-168e112592fb,35,Titled Arena April '20,https://lichess.org/B3UNXVFI,2020.04.25,?,manwithavan,Night-King96,1/2-1/2,3069,-2,2988,+1,GM,GM,draw,,draw,,0,A41,Normal,60+0,2020.04.25,19:58:46,Standard,,2021-07-25T22:51:09+0000,lichess_manwithavan_2021-07-25.pgn
9e8c8538-0365-4a98-84a9-6a3b88c939e8,36,Titled Arena April '20,https://lichess.org/gstHvjKR,2020.04.25,?,manwithavan,Konevlad,1-0,3063,+6,2912,-3,GM,GM,manwithavan,3063,Konevlad,2912,151,B15,Normal,60+0,2020.04.25,19:57:34,Standard,,2021-07-25T22:51:09+0000,lichess_manwithavan_2021-07-25.pgn
893f952f-dcb3-4b8c-a221-e1016868f460,37,Titled Arena April '20,https://lichess.org/Fe4pquLr,2020.04.25,?,manwithavan,nihalsarin2004,1-0,3050,+13,3117,-7,GM,GM,manwithavan,3050,nihalsarin2004,3117,-67,B10,Time forfeit,60+0,2020.04.25,19:55:37,Standard,,2021-07-25T22:51:09+0000,lichess_manwithavan_2021-07-25.pgn
145f51c4-40ba-44a3-8af3-d103e035a75c,38,Titled Arena April '20,https://lichess.org/D2eJ0TNr,2020.04.25,?,manwithavan,Konevlad,1-0,3043,+7,2909,-4,GM,GM,manwithavan,3043,Konevlad,2909,134,B10,Normal,60+0,2020.04.25,19:53:36,Standard,,2021-07-25T22:51:09+0000,lichess_manwithavan_2021-07-25.pgn
a3cea0e7-554c-460f-89cc-bd500efd2b48,39,Titled Arena April '20,https://lichess.org/wIL6A89x,2020.04.25,?,SVODMEVKO,manwithavan,0-1,2973,-5,3034,+9,GM,GM,manwithavan,3034,SVODMEVKO,2973,61,A04,Time forfeit,60+0,2020.04.25,19:51:18,Standard,,2021-07-25T22:51:09+0000,lichess_manwithavan_2021-07-25.pgn
3ea33a39-08c5-4d4e-b2b4-40157c200149,40,Titled Arena April '20,https://lichess.org/g2BMXPg3,2020.04.25,?,Konevlad,manwithavan,0-1,2912,-4,3026,+8,GM,GM,manwithavan,3026,Konevlad,2912,114,A07,Normal,60+0,2020.04.25,19:50:13,Standard,,2021-07-25T22:51:09+0000,lichess_manwithavan_2021-07-25.pgn
be09afde-38f6-4f79-8aa5-eaee14662894,41,Titled Arena April '20,https://lichess.org/gyUlLxMj,2020.04.25,?,manwithavan,Abik02,0-1,3044,-18,2856,+8,GM,IM,Abik02,2856,manwithavan,3044,-188,D00,Normal,60+0,2020.04.25,19:48:15,Standard,,2021-07-25T22:51:09+0000,lichess_manwithavan_2021-07-25.pgn
7a1f74fa-bbb4-404e-a369-7d651fc7db1a,42,Titled Arena April '20,https://lichess.org/L70GFBax,2020.04.25,?,manwithavan,Golubov_Saveliy,1-0,3037,+7,2870,-3,GM,IM,manwithavan,3037,Golubov_Saveliy,2870,167,B40,Normal,60+0,2020.04.25,19:47:12,Standard,,2021-07-25T22:51:09+0000,lichess_manwithavan_2021-07-25.pgn
34390214-d4dd-4ca1-935e-1313b019bb4f,43,Titled Arena April '20,https://lichess.org/7Ex2ml1a,2020.04.25,?,VerdeNotte,manwithavan,0-1,2789,-2,3032,+5,GM,GM,manwithavan,3032,VerdeNotte,2789,243,B12,Normal,60+0,2020.04.25,19:45:27,Standard,,2021-07-25T22:51:09+0000,lichess_manwithavan_2021-07-25.pgn
d4e9946b-94f7-42db-99ab-c89eabf1cc9d,44,Titled Arena April '20,https://lichess.org/F2e7IIJL,2020.04.25,?,manwithavan,Zhigalko_Sergei,1-0,3015,+17,3115,-7,GM,GM,manwithavan,3015,Zhigalko_Sergei,3115,-100,B33,Time forfeit,60+0,2020.04.25,19:43:10,Standard,,2021-07-25T22:51:09+0000,lichess_manwithavan_2021-07-25.pgn
83d8d3c5-f2dd-4949-a429-f3b4afe510b8,45,Titled Arena April '20,https://lichess.org/ktZ4VWUI,2020.04.25,?,manwithavan,Night-King96,1-0,3003,+12,2988,-6,GM,GM,manwithavan,3003,Night-King96,2988,15,B03,Time forfeit,60+0,2020.04.25,19:40:39,Standard,,2021-07-25T22:51:09+0000,lichess_manwithavan_2021-07-25.pgn
2288e7e4-7357-43f2-9ed2-aae250c71618,46,Titled Arena April '20,https://lichess.org/EKFTyom2,2020.04.25,?,manwithavan,promove2500,1-0,2997,+6,2767,-2,GM,GM,manwithavan,2997,promove2500,2767,230,B50,Normal,60+0,2020.04.25,19:39:12,Standard,,2021-07-25T22:51:09+0000,lichess_manwithavan_2021-07-25.pgn
41eed8fb-b9e0-43b0-a94d-eaaaab264c34,47,Titled Arena April '20,https://lichess.org/9Yd46HA6,2020.04.25,?,nihalsarin2004,manwithavan,0-1,3127,-8,2977,+20,GM,GM,manwithavan,2977,nihalsarin2004,3127,-150,A01,Normal,60+0,2020.04.25,19:37:12,Standard,,2021-07-25T22:51:09+0000,lichess_manwithavan_2021-07-25.pgn
fecb84a9-aaec-4fd8-92cc-e9f41c83f9f3,48,Titled Arena April '20,https://lichess.org/zsChNhDK,2020.04.25,?,N-Chadaev,manwithavan,0-1,2836,-5,2967,+10,GM,GM,manwithavan,2967,N-Chadaev,2836,131,A04,Normal,60+0,2020.04.25,19:35:17,Standard,,2021-07-25T22:51:09+0000,lichess_manwithavan_2021-07-25.pgn
9aca8668-ea02-42fe-bdf5-f7f48aed1e67,49,Titled Arena April '20,https://lichess.org/wCqxZB4P,2020.04.25,?,Satranc_Youtube,manwithavan,0-1,2892,-5,2955,+12,IM,GM,manwithavan,2955,Satranc_Youtube,2892,63,A43,Normal,60+0,2020.04.25,19:33:32,Standard,,2021-07-25T22:51:09+0000,lichess_manwithavan_2021-07-25.pgn
44f432ec-4de8-45ca-964c-20b9c8473af5,50,Titled Arena April '20,https://lichess.org/K8UBNOPQ,2020.04.25,?,Abik02,manwithavan,0-1,2867,-4,2942,+13,IM,GM,manwithavan,2942,Abik02,2867,75,B01,Normal,60+0,2020.04.25,19:32:33,Standard,,2021-07-25T22:51:09+0000,lichess_manwithavan_2021-07-25.pgn
58b92931-7c3c-4504-8a76-11993950566e,51,Titled Arena April '20,https://lichess.org/JPjNjO7s,2020.04.25,?,opperwezen,manwithavan,0-1,2731,-2,2934,+8,IM,GM,manwithavan,2934,opperwezen,2731,203,B01,Time forfeit,60+0,2020.04.25,19:30:11,Standard,,2021-07-25T22:51:09+0000,lichess_manwithavan_2021-07-25.pgn
a3c8193c-67ea-473f-8fa3-75d72ecb6acd,52,Titled Arena April '20,https://lichess.org/OQvPNJYT,2020.04.25,?,manwithavan,msb2,1/2-1/2,2934,+0,2943,+0,GM,GM,draw,,draw,,0,C02,Normal,60+0,2020.04.25,19:29:19,Standard,,2021-07-25T22:51:09+0000,lichess_manwithavan_2021-07-25.pgn
cb4c7f92-bdbb-4930-af7b-5ecc685691a6,53,Titled Arena April '20,https://lichess.org/fwXWLd8A,2020.04.25,?,manwithavan,Vladimirovich9000,1-0,2912,+22,2979,-8,GM,GM,manwithavan,2912,Vladimirovich9000,2979,-67,B06,Normal,60+0,2020.04.25,19:27:08,Standard,,2021-07-25T22:51:09+0000,lichess_manwithavan_2021-07-25.pgn
fec81661-20ee-451d-a577-0ec7aac3318e,54,Titled Arena April '20,https://lichess.org/zuJDVBiH,2020.04.25,?,manwithavan,Roaccutane,0-1,2940,-28,2762,+8,GM,NM,Roaccutane,2762,manwithavan,2940,-178,B06,Normal,60+0,2020.04.25,19:25:18,Standard,,2021-07-25T22:51:09+0000,lichess_manwithavan_2021-07-25.pgn
95b1f977-532a-4747-a3f7-dfa332cc2860,55,Titled Arena April '20,https://lichess.org/NTZjeElV,2020.04.25,?,manwithavan,SVODMEVKO,0-1,2962,-22,2921,+6,GM,GM,SVODMEVKO,2921,manwithavan,2962,-41,A00,Normal,60+0,2020.04.25,19:22:46,Standard,,2021-07-25T22:51:09+0000,lichess_manwithavan_2021-07-25.pgn
26646392-0f39-4363-8d85-6671d8006862,56,Titled Arena April '20,https://lichess.org/ZXQ8Krl6,2020.04.25,?,penguingim1,manwithavan,0-1,3210,-9,2927,+35,GM,GM,manwithavan,2927,penguingim1,3210,-283,D00,Normal,60+0,2020.04.25,19:21:24,Standard,,2021-07-25T22:51:09+0000,lichess_manwithavan_2021-07-25.pgn
d6a91ba5-b389-4cde-ad1b-4af79bbfa6e3,57,Titled Arena April '20,https://lichess.org/NggLbI1A,2020.04.25,?,manwithavan,may6enexttime,1-0,2902,+25,2950,-6,GM,GM,manwithavan,2902,may6enexttime,2950,-48,B50,Time forfeit,60+0,2020.04.25,19:18:45,Standard,,2021-07-25T22:51:09+0000,lichess_manwithavan_2021-07-25.pgn
729b53d1-da77-4def-9f60-7328e425b685,58,Titled Arena April '20,https://lichess.org/sowmTN6r,2020.04.25,?,nihalsarin2004,manwithavan,1-0,3126,+3,2912,-10,GM,GM,nihalsarin2004,3126,manwithavan,2912,214,A40,Normal,60+0,2020.04.25,19:17:10,Standard,,2021-07-25T22:51:09+0000,lichess_manwithavan_2021-07-25.pgn
3f6165e8-1acb-41c0-b183-6e9d6e058c71,59,Titled Arena April '20,https://lichess.org/lnuNmrxH,2020.04.25,?,manwithavan,Up_to_something,1-0,2906,+6,2575,-2,GM,IM,manwithavan,2906,Up_to_something,2575,331,A45,Normal,60+0,2020.04.25,19:15:52,Standard,,2021-07-25T22:51:09+0000,lichess_manwithavan_2021-07-25.pgn
87452bb8-4a50-4845-bb15-a385d58053df,60,Titled Arena April '20,https://lichess.org/K8rlrNnP,2020.04.25,?,manwithavan,dexter29,1-0,2889,+17,2767,-4,GM,GM,manwithavan,2889,dexter29,2767,122,A02,Normal,60+0,2020.04.25,19:14:21,Standard,,2021-07-25T22:51:09+0000,lichess_manwithavan_2021-07-25.pgn
46ac3167-d981-46d5-b7a9-e1088350f39e,61,Titled Arena April '20,https://lichess.org/8pllOKdb,2020.04.25,?,GeorgMeier,manwithavan,0-1,2795,-7,2868,+21,GM,GM,manwithavan,2868,GeorgMeier,2795,73,D79,Time forfeit,60+0,2020.04.25,19:11:48,Standard,,2021-07-25T22:51:09+0000,lichess_manwithavan_2021-07-25.pgn
dc7532aa-e192-4a17-984f-71db07bbec21,62,Titled Arena April '20,https://lichess.org/lh7r94IC,2020.04.25,?,wizard98,manwithavan,1-0,2888,+6,2897,-29,GM,GM,wizard98,2888,manwithavan,2897,-9,A43,Normal,60+0,2020.04.25,19:09:45,Standard,,2021-07-25T22:51:09+0000,lichess_manwithavan_2021-07-25.pgn
020d0b90-410c-411d-9232-bb3f50e78b83,63,Titled Arena April '20,https://lichess.org/rbT1fMaK,2020.04.25,?,DrEstranged,manwithavan,0-1,2570,-1,2889,+8,IM,GM,manwithavan,2889,DrEstranged,2570,319,B00,Normal,60+0,2020.04.25,19:07:39,Standard,,2021-07-25T22:51:09+0000,lichess_manwithavan_2021-07-25.pgn
28773aa5-b782-40c1-9afa-9fe616e83860,64,Titled Arena April '20,https://lichess.org/OSsWum9g,2020.04.25,?,manwithavan,wizard98,1-0,2852,+37,2892,-6,GM,GM,manwithavan,2852,wizard98,2892,-40,B10,Normal,60+0,2020.04.25,19:06:23,Standard,,2021-07-25T22:51:09+0000,lichess_manwithavan_2021-07-25.pgn
0e1557e4-8051-42b8-a815-9af81787ad74,65,Titled Arena April '20,https://lichess.org/shxbDhrK,2020.04.25,?,manwithavan,Puli1234,1-0,2829,+23,2698,-4,GM,GM,manwithavan,2829,Puli1234,2698,131,B10,Normal,60+0,2020.04.25,19:04:21,Standard,,2021-07-25T22:51:09+0000,lichess_manwithavan_2021-07-25.pgn
efc28aaf-7d53-436c-a035-3f126ce4fd65,66,Titled Arena April '20,https://lichess.org/cZ5qblmR,2020.04.25,?,manwithavan,VerdeNotte,1-0,2793,+36,2758,-4,GM,GM,manwithavan,2793,VerdeNotte,2758,35,B50,Normal,60+0,2020.04.25,19:02:14,Standard,,2021-07-25T22:51:09+0000,lichess_manwithavan_2021-07-25.pgn
c0dc50ca-82b3-48f4-9560-daae31d239e4,67,Titled Arena April '20,https://lichess.org/EBGmtK7T,2020.04.25,?,manwithavan,Dr-BassemAmin,1-0,2749,+44,2745,-10,GM,GM,manwithavan,2749,Dr-BassemAmin,2745,4,A00,Normal,60+0,2020.04.25,19:00:03,Standard,,2021-07-25T22:51:09+0000,lichess_manwithavan_2021-07-25.pgn
9e4095af-500e-40ad-a950-e5b9e1fd9255,68,Lichess Titled Arena 7,https://lichess.org/7lCQlTcP,2018.09.07,?,RebeccaHarris,manwithavan,1/2-1/2,2774,-1,2748,+1,GM,GM,draw,,draw,,0,A08,Normal,60+0,2018.09.07,20:57:52,Standard,,2021-07-25T22:51:09+0000,lichess_manwithavan_2021-07-25.pgn
9c183d1e-23cb-4889-b233-8e467586c72a,69,Lichess Titled Arena 7,https://lichess.org/YMnOwkbq,2018.09.07,?,manwithavan,gnejs,1-0,2740,+8,2673,-9,GM,FM,manwithavan,2740,gnejs,2673,67,A43,Normal,60+0,2018.09.07,20:55:23,Standard,,2021-07-25T22:51:09+0000,lichess_manwithavan_2021-07-25.pgn
8bf11053-23ba-41e6-b760-05994f5bc167,70,Lichess Titled Arena 7,https://lichess.org/eKlIdelW,2018.09.07,?,mutdpro,manwithavan,1/2-1/2,2845,-3,2736,+4,IM,GM,draw,,draw,,0,A04,Time forfeit,60+0,2018.09.07,20:52:41,Standard,,2021-07-25T22:51:09+0000,lichess_manwithavan_2021-07-25.pgn
102f3ebe-b7de-4cce-90b2-db7f16fc0070,71,Lichess Titled Arena 7,https://lichess.org/H5eCi39h,2018.09.07,?,manwithavan,Zkid,1-0,2728,+8,2662,-9,GM,GM,manwithavan,2728,Zkid,2662,66,C15,Time forfeit,60+0,2018.09.07,20:50:00,Standard,,2021-07-25T22:51:09+0000,lichess_manwithavan_2021-07-25.pgn
abbcafbf-55f5-4fde-bf2e-dd2ae1a9228b,72,Lichess Titled Arena 7,https://lichess.org/nGjUJDxZ,2018.09.07,?,mutdpro,manwithavan,1-0,2831,+8,2736,-8,IM,GM,mutdpro,2831,manwithavan,2736,95,A00,Normal,60+0,2018.09.07,20:47:48,Standard,,2021-07-25T22:51:09+0000,lichess_manwithavan_2021-07-25.pgn
2e1b27e5-cfc0-4b18-af4b-03609f5ed3d6,73,Lichess Titled Arena 7,https://lichess.org/0GrrXcZo,2018.09.07,?,manwithavan,pochtalionPechkin,1-0,2730,+6,2557,-6,GM,GM,manwithavan,2730,pochtalionPechkin,2557,173,C10,Normal,60+0,2018.09.07,20:46:19,Standard,,2021-07-25T22:51:09+0000,lichess_manwithavan_2021-07-25.pgn
8470076c-db17-4687-a5ce-0bbba7892d72,74,Lichess Titled Arena 7,https://lichess.org/Grn3SDpp,2018.09.07,?,manwithavan,ShakhiMaty,1/2-1/2,2733,-3,2600,+4,GM,FM,draw,,draw,,0,C46,Normal,60+0,2018.09.07,20:44:20,Standard,,2021-07-25T22:51:09+0000,lichess_manwithavan_2021-07-25.pgn
ac081311-8654-4efb-851e-a6cc88cc5754,75,Lichess Titled Arena 7,https://lichess.org/uXkE8WYR,2018.09.07,?,mutdpro,manwithavan,1-0,2828,+8,2742,-9,IM,GM,mutdpro,2828,manwithavan,2742,86,A00,Normal,60+0,2018.09.07,20:41:32,Standard,,2021-07-25T22:51:09+0000,lichess_manwithavan_2021-07-25.pgn
8105bd5c-97a1-4310-9eef-19a8583470f2,76,Lichess Titled Arena 7,https://lichess.org/tTy7EdDO,2018.09.07,?,RebeccaHarris,manwithavan,1-0,2747,+11,2753,-11,GM,GM,RebeccaHarris,2747,manwithavan,2753,-6,C41,Normal,60+0,2018.09.07,20:40:14,Standard,,2021-07-25T22:51:10+0000,lichess_manwithavan_2021-07-25.pgn
89a26a51-6b9d-40dd-b57a-f304f2233558,77,Lichess Titled Arena 7,https://lichess.org/myHAhrVm,2018.09.07,?,Zaven_ChessMood,manwithavan,1-0,2830,+10,2762,-9,GM,GM,Zaven_ChessMood,2830,manwithavan,2762,68,B00,Time forfeit,60+0,2018.09.07,20:37:17,Standard,,2021-07-25T22:51:10+0000,lichess_manwithavan_2021-07-25.pgn
7f4efd0d-8cf4-48d9-8694-e67d9a7d7dc5,78,Lichess Titled Arena 7,https://lichess.org/T8JFExvb,2018.09.07,?,manwithavan,GeorgMeier,1-0,2750,+12,2769,-12,GM,GM,manwithavan,2750,GeorgMeier,2769,-19,A14,Normal,60+0,2018.09.07,20:35:41,Standard,,2021-07-25T22:51:10+0000,lichess_manwithavan_2021-07-25.pgn
a55cefb7-1409-4c79-aae9-42e79ab4a323,79,Lichess Titled Arena 7,https://lichess.org/BO7V3R8z,2018.09.07,?,manwithavan,borobudur70,1-0,2743,+7,2608,-7,GM,GM,manwithavan,2743,borobudur70,2608,135,B18,Normal,60+0,2018.09.07,20:33:33,Standard,,2021-07-25T22:51:10+0000,lichess_manwithavan_2021-07-25.pgn
428a6fac-6f59-4242-8eec-cb83c34a1d6a,80,Lichess Titled Arena 7,https://lichess.org/VaxoVRU7,2018.09.07,?,msb2,manwithavan,0-1,2581,-6,2737,+6,GM,GM,manwithavan,2737,msb2,2581,156,A53,Normal,60+0,2018.09.07,20:31:33,Standard,,2021-07-25T22:51:10+0000,lichess_manwithavan_2021-07-25.pgn
94eb8fa1-8c6b-4dff-953d-7625c10e1201,81,Lichess Titled Arena 7,https://lichess.org/oZgvCFAg,2018.09.07,?,manwithavan,Zaven_ChessMood,1-0,2722,+15,2840,-16,GM,GM,manwithavan,2722,Zaven_ChessMood,2840,-118,B90,Normal,60+0,2018.09.07,20:29:40,Standard,,2021-07-25T22:51:10+0000,lichess_manwithavan_2021-07-25.pgn
610c68f7-a9b1-4aa3-842b-39efa65b691a,82,Lichess Titled Arena 7,https://lichess.org/33YGEklL,2018.09.07,?,mutdpro,manwithavan,0-1,2799,-15,2709,+13,IM,GM,manwithavan,2709,mutdpro,2799,-90,A00,Time forfeit,60+0,2018.09.07,20:27:00,Standard,,2021-07-25T22:51:10+0000,lichess_manwithavan_2021-07-25.pgn
2cb9cf84-d202-4772-bc33-4ec3e668f404,83,Lichess Titled Arena 7,https://lichess.org/EDE4kXpm,2018.09.07,?,manwithavan,RebeccaHarris,0-1,2718,-9,2785,+9,GM,GM,RebeccaHarris,2785,manwithavan,2718,67,B06,Normal,60+0,2018.09.07,20:24:20,Standard,,2021-07-25T22:51:10+0000,lichess_manwithavan_2021-07-25.pgn
8aa621d8-16b8-4d8d-86b8-f9f07176a198,84,Lichess Titled Arena 7,https://lichess.org/a9onqSF0,2018.09.07,?,manwithavan,LeonLivaic,1-0,2708,+10,2673,-10,GM,IM,manwithavan,2708,LeonLivaic,2673,35,E12,Normal,60+0,2018.09.07,20:23:08,Standard,,2021-07-25T22:51:10+0000,lichess_manwithavan_2021-07-25.pgn
53749000-b866-4b5e-b12f-d50b1d22d6e4,85,Lichess Titled Arena 7,https://lichess.org/zpn31O3h,2018.09.07,?,gsvc,manwithavan,1/2-1/2,2682,+1,2708,+0,IM,GM,draw,,draw,,0,A01,Normal,60+0,2018.09.07,20:20:14,Standard,,2021-07-25T22:51:10+0000,lichess_manwithavan_2021-07-25.pgn
5a30b1a4-4d2e-4a6d-b50c-f47c383ce1de,86,Lichess Titled Arena 7,https://lichess.org/ZaDx0Juk,2018.09.07,?,BMWHero,manwithavan,0-1,2698,-11,2697,+11,GM,GM,manwithavan,2697,BMWHero,2698,-1,C41,Normal,60+0,2018.09.07,20:18:15,Standard,,2021-07-25T22:51:10+0000,lichess_manwithavan_2021-07-25.pgn
3f231ad1-838d-4434-9f9d-b98aa37c40da,87,Lichess Titled Arena 7,https://lichess.org/FNIzBH5F,2018.09.07,?,manwithavan,Astramariy,1-0,2688,+9,2638,-9,GM,IM,manwithavan,2688,Astramariy,2638,50,B06,Normal,60+0,2018.09.07,20:16:36,Standard,,2021-07-25T22:51:10+0000,lichess_manwithavan_2021-07-25.pgn
7c89fe87-9fe4-4193-882c-d26d29550b2d,88,Lichess Titled Arena 7,https://lichess.org/98wijCli,2018.09.07,?,manwithavan,HansMoke,1-0,2681,+7,2517,-7,GM,GM,manwithavan,2681,HansMoke,2517,164,C46,Normal,60+0,2018.09.07,20:14:44,Standard,,2021-07-25T22:51:10+0000,lichess_manwithavan_2021-07-25.pgn
148eaf60-a324-457a-a03f-f1cd444f3f7a,89,Lichess Titled Arena 7,https://lichess.org/PK6NiwO5,2018.09.07,?,RebeccaHarris,manwithavan,0-1,2813,-16,2666,+15,GM,GM,manwithavan,2666,RebeccaHarris,2813,-147,A07,Normal,60+0,2018.09.07,20:12:30,Standard,,2021-07-25T22:51:10+0000,lichess_manwithavan_2021-07-25.pgn
5e19d43e-8566-4623-b857-a923106cc375,90,Lichess Titled Arena 7,https://lichess.org/xxSVTdNy,2018.09.07,?,BMWHero,manwithavan,0-1,2685,-12,2654,+12,GM,GM,manwithavan,2654,BMWHero,2685,-31,B41,Normal,60+0,2018.09.07,20:10:15,Standard,,2021-07-25T22:51:10+0000,lichess_manwithavan_2021-07-25.pgn
ca3b8ea2-b75e-4f40-9cd3-6b15ac59c8c8,91,Lichess Titled Arena 7,https://lichess.org/zrIzYK7r,2018.09.07,?,manwithavan,msb2,1-0,2642,+12,2646,-11,GM,GM,manwithavan,2642,msb2,2646,-4,C01,Normal,60+0,2018.09.07,20:09:17,Standard,,2021-07-25T22:51:10+0000,lichess_manwithavan_2021-07-25.pgn
1ff455a2-5a7a-4ba8-9494-9310e2518c70,92,Lichess Titled Arena 7,https://lichess.org/TaML3hT2,2018.09.07,?,Zaven_ChessMood,manwithavan,1-0,2857,+7,2647,-5,GM,GM,Zaven_ChessMood,2857,manwithavan,2647,210,B07,Normal,60+0,2018.09.07,20:07:58,Standard,,2021-07-25T22:51:10+0000,lichess_manwithavan_2021-07-25.pgn
41339267-70b1-45ca-9ad4-8ffc33f6e4b6,93,Lichess Titled Arena 7,https://lichess.org/YwmOXxoB,2018.09.07,?,manwithavan,GeorgMeier,1/2-1/2,2644,+3,2765,-3,GM,GM,draw,,draw,,0,C10,Time forfeit,60+0,2018.09.07,20:05:24,Standard,,2021-07-25T22:51:10+0000,lichess_manwithavan_2021-07-25.pgn
1eef99d1-4939-47bb-8f2d-6a55f84565d0,94,Lichess Titled Arena 7,https://lichess.org/ggiA88Hr,2018.09.07,?,Astramariy,manwithavan,0-1,2687,-12,2631,+13,IM,GM,manwithavan,2631,Astramariy,2687,-56,A04,Normal,60+0,2018.09.07,20:03:19,Standard,,2021-07-25T22:51:10+0000,lichess_manwithavan_2021-07-25.pgn
893bef3d-cdc9-4df2-b42f-c77aa4a78833,95,Lichess Titled Arena 7,https://lichess.org/nBubP27Q,2018.09.07,?,manwithavan,Zkid,1-0,2618,+13,2672,-14,GM,GM,manwithavan,2618,Zkid,2672,-54,C46,Normal,60+0,2018.09.07,20:01:03,Standard,,2021-07-25T22:51:10+0000,lichess_manwithavan_2021-07-25.pgn
12315ee4-db3c-46f1-b11d-655fe5bdd008,96,Lichess Titled Arena 7,https://lichess.org/DWX0v273,2018.09.07,?,manwithavan,caching,1-0,2602,+16,2742,-18,GM,GM,manwithavan,2602,caching,2742,-140,B12,Normal,60+0,2018.09.07,19:58:20,Standard,,2021-07-25T22:51:10+0000,lichess_manwithavan_2021-07-25.pgn
48e5bdb2-be4b-4629-b2e1-7647b42dfebe,97,Lichess Titled Arena 7,https://lichess.org/TX69XWej,2018.09.07,?,szachus,manwithavan,0-1,2488,-9,2594,+8,NM,GM,manwithavan,2594,szachus,2488,106,E74,Normal,60+0,2018.09.07,19:56:32,Standard,,2021-07-25T22:51:10+0000,lichess_manwithavan_2021-07-25.pgn
75ba6721-77aa-4d02-8819-96f47e2be819,98,Lichess Titled Arena 7,https://lichess.org/fsX18rOo,2018.09.07,?,msb2,manwithavan,1-0,2648,+10,2604,-10,GM,GM,msb2,2648,manwithavan,2604,44,A54,Normal,60+0,2018.09.07,19:55:27,Standard,,2021-07-25T22:51:10+0000,lichess_manwithavan_2021-07-25.pgn
73df0de3-8c0b-442b-b8ab-9663843a60b7,99,Lichess Titled Arena 7,https://lichess.org/bGahVODh,2018.09.07,?,manwithavan,BabaRamdev,1-0,2587,+17,2781,-18,GM,GM,manwithavan,2587,BabaRamdev,2781,-194,C01,Time forfeit,60+0,2018.09.07,19:52:35,Standard,,2021-07-25T22:51:10+0000,lichess_manwithavan_2021-07-25.pgn
927736a0-5cb1-40d1-8b54-0ca61ea49e17,100,Lichess Titled Arena 7,https://lichess.org/RxyzwVe9,2018.09.07,?,manwithavan,AstanehChess,1-0,2577,+10,2535,-10,GM,IM,manwithavan,2577,AstanehChess,2535,42,B17,Normal,60+0,2018.09.07,19:51:16,Standard,,2021-07-25T22:51:10+0000,lichess_manwithavan_2021-07-25.pgn
2810ad1b-cf0b-4e69-82f0-ebff509279c7,101,Lichess Titled Arena 7,https://lichess.org/xki2IWBi,2018.09.07,?,larso,manwithavan,0-1,2580,-12,2565,+12,IM,GM,manwithavan,2565,larso,2580,-15,A00,Normal,60+0,2018.09.07,19:48:44,Standard,,2021-07-25T22:51:10+0000,lichess_manwithavan_2021-07-25.pgn
6d738817-d041-4d86-9950-27a6889b20ac,102,Lichess Titled Arena 7,https://lichess.org/dmeL1QER,2018.09.07,?,manwithavan,AstanehChess,1-0,2553,+12,2558,-12,GM,IM,manwithavan,2553,AstanehChess,2558,-5,B17,Time forfeit,60+0,2018.09.07,19:46:02,Standard,,2021-07-25T22:51:10+0000,lichess_manwithavan_2021-07-25.pgn
1a81e30e-ede4-475a-835f-37676fd3e9f1,103,Lichess Titled Arena 7,https://lichess.org/5xNu9hT3,2018.09.07,?,Macrofago,manwithavan,1-0,2550,+12,2565,-12,GM,GM,Macrofago,2550,manwithavan,2565,-15,C41,Time forfeit,60+0,2018.09.07,19:43:17,Standard,,2021-07-25T22:51:10+0000,lichess_manwithavan_2021-07-25.pgn
07163e8a-e539-477a-823b-f2034347a868,104,Lichess Titled Arena 7,https://lichess.org/xAGbYVKu,2018.09.07,?,xamax2000,manwithavan,0-1,2417,-7,2558,+7,GM,GM,manwithavan,2558,xamax2000,2417,141,B07,Normal,60+0,2018.09.07,19:40:30,Standard,,2021-07-25T22:51:10+0000,lichess_manwithavan_2021-07-25.pgn
768bbb6e-d88d-40be-be12-1cb02b5afca8,105,Lichess Titled Arena 7,https://lichess.org/v76Mnq3D,2018.09.07,?,manwithavan,KP213,1-0,2550,+8,2430,-10,GM,IM,manwithavan,2550,KP213,2430,120,B06,Normal,60+0,2018.09.07,19:39:26,Standard,,2021-07-25T22:51:10+0000,lichess_manwithavan_2021-07-25.pgn
e7a4224b-1284-4694-bd0b-5bc5cca24015,106,Lichess Titled Arena 7,https://lichess.org/6zQ0LWLf,2018.09.07,?,manwithavan,boorchess,1-0,2541,+9,2433,-9,GM,FM,manwithavan,2541,boorchess,2433,108,B04,Normal,60+0,2018.09.07,19:37:02,Standard,,2021-07-25T22:51:10+0000,lichess_manwithavan_2021-07-25.pgn
0928ebc7-89e7-41ba-8f81-5d379b0eef9b,107,Lichess Titled Arena 7,https://lichess.org/oySGvRVT,2018.09.07,?,Murakami,manwithavan,0-1,2343,-6,2535,+6,IM,GM,manwithavan,2535,Murakami,2343,192,E60,Normal,60+0,2018.09.07,19:35:46,Standard,,2021-07-25T22:51:10+0000,lichess_manwithavan_2021-07-25.pgn
64ada4e9-7efe-45af-99fb-a28fcad59778,108,Lichess Titled Arena 7,https://lichess.org/ooi8AaNC,2018.09.07,?,manwithavan,munster1,1-0,2531,+4,2245,-4,GM,FM,manwithavan,2531,munster1,2245,286,B40,Normal,60+0,2018.09.07,19:33:50,Standard,,2021-07-25T22:51:10+0000,lichess_manwithavan_2021-07-25.pgn
ca655b70-3626-47fa-871e-386518952743,109,Lichess Titled Arena 7,https://lichess.org/ohIKeuzb,2018.09.07,?,Sergey_Naboka,manwithavan,0-1,2391,-7,2523,+8,FM,GM,manwithavan,2523,Sergey_Naboka,2391,132,B07,Normal,60+0,2018.09.07,19:31:51,Standard,,2021-07-25T22:51:10+0000,lichess_manwithavan_2021-07-25.pgn
281a2913-755f-4faf-aade-ebb50eefe768,110,Lichess Titled Arena 7,https://lichess.org/CgSvSgtV,2018.09.07,?,Mohammad_Ervan,manwithavan,1-0,2244,+22,2544,-21,IM,GM,Mohammad_Ervan,2244,manwithavan,2544,-300,A01,Time forfeit,60+0,2018.09.07,19:29:20,Standard,,2021-07-25T22:51:10+0000,lichess_manwithavan_2021-07-25.pgn
f3bf0c27-f954-4f02-9013-6f18fd8f3a9c,111,Lichess Titled Arena 7,https://lichess.org/wPukJiXL,2018.09.07,?,manwithavan,SaraciNderim,1-0,2530,+14,2584,-14,GM,IM,manwithavan,2530,SaraciNderim,2584,-54,A40,Time forfeit,60+0,2018.09.07,19:24:47,Standard,,2021-07-25T22:51:10+0000,lichess_manwithavan_2021-07-25.pgn
c181fbfd-08df-442d-8333-0e2437993a94,112,Lichess Titled Arena 7,https://lichess.org/MgjTGqNs,2018.09.07,?,ShakhiMaty,manwithavan,1-0,2545,+10,2542,-12,FM,GM,ShakhiMaty,2545,manwithavan,2542,3,B00,Abandoned,60+0,2018.09.07,19:24:15,Standard,,2021-07-25T22:51:10+0000,lichess_manwithavan_2021-07-25.pgn
b24e581a-bf18-4ce8-ab64-afdd0ee6ea3c,113,Lichess Titled Arena 7,https://lichess.org/zwBqpVi2,2018.09.07,?,manwithavan,szachus,1-0,2532,+10,2452,-10,GM,NM,manwithavan,2532,szachus,2452,80,B06,Normal,60+0,2018.09.07,19:22:15,Standard,,2021-07-25T22:51:10+0000,lichess_manwithavan_2021-07-25.pgn
330035e7-d876-4d45-9709-1218b2a51639,114,Lichess Titled Arena 7,https://lichess.org/GmZ3hxYW,2018.09.07,?,manwithavan,AkibaRubi,1-0,2523,+9,2443,-9,GM,FM,manwithavan,2523,AkibaRubi,2443,80,C00,Normal,60+0,2018.09.07,19:20:16,Standard,,2021-07-25T22:51:10+0000,lichess_manwithavan_2021-07-25.pgn
44eafbbf-f543-412f-864e-810c0b5a3bf4,115,Lichess Titled Arena 7,https://lichess.org/iZVKGyri,2018.09.07,?,darkghoul,manwithavan,1/2-1/2,2684,-6,2518,+5,IM,GM,draw,,draw,,0,A01,Normal,60+0,2018.09.07,19:17:35,Standard,,2021-07-25T22:51:10+0000,lichess_manwithavan_2021-07-25.pgn
e57bc30f-1f8e-41d4-aa01-3dc55d2423dd,116,Lichess Titled Arena 7,https://lichess.org/BUedbw34,2018.09.07,?,manwithavan,Polihisztor,1-0,2509,+9,2388,-8,GM,FM,manwithavan,2509,Polihisztor,2388,121,B35,Normal,60+0,2018.09.07,19:15:58,Standard,,2021-07-25T22:51:10+0000,lichess_manwithavan_2021-07-25.pgn
be7f5ea8-5c45-4c53-a15b-2615fae85069,117,Lichess Titled Arena 7,https://lichess.org/u47YRFVe,2018.09.07,?,Steven_Tjuip,manwithavan,1-0,2004,+24,2533,-24,,GM,Steven_Tjuip,2004,manwithavan,2533,-529,B07,Time forfeit,60+0,2018.09.07,19:12:54,Standard,,2021-07-25T22:51:10+0000,lichess_manwithavan_2021-07-25.pgn
07962a70-ec61-40a7-8df0-2f5fa108d4d0,118,Lichess Titled Arena 7,https://lichess.org/uxmfWoVG,2018.09.07,?,mauri990,manwithavan,0-1,2268,-4,2528,+5,FM,GM,manwithavan,2528,mauri990,2268,260,A05,Normal,60+0,2018.09.07,19:10:36,Standard,,2021-07-25T22:51:10+0000,lichess_manwithavan_2021-07-25.pgn
ba385610-c2b9-4b66-87c1-f67545f36bbf,119,Lichess Titled Arena 7,https://lichess.org/HyxG5ThS,2018.09.07,?,manwithavan,ChrolloL,1-0,2513,+15,2599,-13,GM,GM,manwithavan,2513,ChrolloL,2599,-86,B43,Normal,60+0,2018.09.07,19:08:32,Standard,,2021-07-25T22:51:10+0000,lichess_manwithavan_2021-07-25.pgn
c9659efe-9c12-4f89-bbe2-f724a6888149,120,Lichess Titled Arena 7,https://lichess.org/0YotxVgp,2018.09.07,?,A_Kukhmazov,manwithavan,1-0,2694,+7,2520,-7,IM,GM,A_Kukhmazov,2694,manwithavan,2520,174,D30,Normal,60+0,2018.09.07,19:06:40,Standard,,2021-07-25T22:51:10+0000,lichess_manwithavan_2021-07-25.pgn
f1cdf1b6-cf27-4cf6-85aa-bf22bed18b5d,121,Lichess Titled Arena 7,https://lichess.org/CN9EuD8K,2018.09.07,?,manwithavan,mutdpro,0-1,2524,-4,2817,+5,GM,IM,mutdpro,2817,manwithavan,2524,293,E81,Normal,60+0,2018.09.07,19:04:21,Standard,,2021-07-25T22:51:10+0000,lichess_manwithavan_2021-07-25.pgn
146ed396-3279-4b9e-a3ba-81d64a5477ab,122,Lichess Titled Arena 7,https://lichess.org/kw6N8sO0,2018.09.07,?,manwithavan,Skliarov_Viktor,1-0,2513,+11,2475,-11,GM,IM,manwithavan,2513,Skliarov_Viktor,2475,38,A45,Normal,60+0,2018.09.07,19:02:44,Standard,,2021-07-25T22:51:10+0000,lichess_manwithavan_2021-07-25.pgn
83bb5db3-831d-4ea0-ac76-715340477c8f,123,Lichess Titled Arena 7,https://lichess.org/QzY2veh4,2018.09.07,?,manwithavan,EricRosen,0-1,2525,-12,2525,+12,GM,IM,EricRosen,2525,manwithavan,2525,0,A51,Time forfeit,60+0,2018.09.07,19:00:05,Standard,,2021-07-25T22:51:10+0000,lichess_manwithavan_2021-07-25.pgn
1d6e7482-f01b-4274-9a0d-6f351b2b10e9,124,Daily Bullet Arena,https://lichess.org/Owi0Z3HY,2018.02.24,?,manwithavan,StJake23,0-1,2550,-25,1832,+22,GM,,StJake23,1832,manwithavan,2550,-718,E90,Time forfeit,60+0,2018.02.24,16:00:39,Standard,,2021-07-25T22:51:10+0000,lichess_manwithavan_2021-07-25.pgn
c1d43bb4-7598-43ca-867a-c82745834bbc,125,Rated Bullet game,https://lichess.org/MLiBlAQG,2018.02.17,?,manwithavan,recapture,0-1,2567,-17,2416,+17,GM,GM,recapture,2416,manwithavan,2567,-151,C44,Time forfeit,60+0,2018.02.17,01:23:35,Standard,,2021-07-25T22:51:10+0000,lichess_manwithavan_2021-07-25.pgn
158a2436-6ad3-4522-aa5d-280743ec4cfb,126,Rated Bullet game,https://lichess.org/HBjleYmi,2018.02.17,?,recapture,manwithavan,0-1,2424,-8,2559,+8,GM,GM,manwithavan,2559,recapture,2424,135,C40,Normal,60+0,2018.02.17,01:22:32,Standard,,2021-07-25T22:51:10+0000,lichess_manwithavan_2021-07-25.pgn
52125d45-c415-484e-9a50-8474660ba7c0,127,Rated Bullet game,https://lichess.org/GR5nnuxT,2018.02.17,?,manwithavan,recapture,1-0,2551,+8,2432,-8,GM,GM,manwithavan,2551,recapture,2432,119,E04,Normal,60+0,2018.02.17,01:21:44,Standard,,2021-07-25T22:51:10+0000,lichess_manwithavan_2021-07-25.pgn
4e192a78-fc20-4877-888d-c7bb02576919,128,Rated Bullet game,https://lichess.org/QYmp23Cc,2018.02.17,?,recapture,manwithavan,1-0,2415,+17,2568,-17,GM,GM,recapture,2415,manwithavan,2568,-153,B06,Normal,60+0,2018.02.17,01:19:59,Standard,,2021-07-25T22:51:10+0000,lichess_manwithavan_2021-07-25.pgn
f058a636-bdd4-44dc-8f05-ee1eab1e7af2,129,Rated Bullet game,https://lichess.org/M5s7aeEv,2018.02.17,?,manwithavan,recapture,0-1,2587,-19,2397,+18,GM,GM,recapture,2397,manwithavan,2587,-190,E20,Normal,60+0,2018.02.17,01:18:12,Standard,,2021-07-25T22:51:10+0000,lichess_manwithavan_2021-07-25.pgn
ce4a7c17-6504-4169-80d9-9e46afd5ae07,130,Rated Bullet game,https://lichess.org/uGGZ02xr,2018.02.17,?,recapture,manwithavan,1/2-1/2,2391,+6,2593,-6,GM,GM,draw,,draw,,0,B00,Time forfeit,60+0,2018.02.17,01:15:57,Standard,,2021-07-25T22:51:10+0000,lichess_manwithavan_2021-07-25.pgn
6155c2d3-5fda-43ec-9151-4a61d61bd51b,131,Rated Bullet game,https://lichess.org/88JobFxb,2018.02.17,?,manwithavan,recapture,1-0,2587,+6,2397,-6,GM,GM,manwithavan,2587,recapture,2397,190,A01,Time forfeit,60+0,2018.02.17,01:13:43,Standard,,2021-07-25T22:51:10+0000,lichess_manwithavan_2021-07-25.pgn
f4676b3a-aca2-48c3-9ae7-18d2c33bfe85,132,Rated Bullet game,https://lichess.org/lGgW7mDq,2018.02.17,?,recapture,manwithavan,0-1,2404,-7,2580,+7,GM,GM,manwithavan,2580,recapture,2404,176,B01,Normal,60+0,2018.02.17,01:11:52,Standard,,2021-07-25T22:51:10+0000,lichess_manwithavan_2021-07-25.pgn
28ae38d1-4e1a-4c47-8867-f7bf14407c6c,133,Rated Bullet game,https://lichess.org/qp2nvue5,2018.02.17,?,manwithavan,recapture,1-0,2573,+7,2411,-7,GM,GM,manwithavan,2573,recapture,2411,162,C55,Normal,60+0,2018.02.17,01:10:08,Standard,,2021-07-25T22:51:10+0000,lichess_manwithavan_2021-07-25.pgn
21ea67dd-4d88-423c-88d2-b300ad6ab7a3,134,Rated Bullet game,https://lichess.org/7l7HuTVc,2018.02.17,?,recapture,manwithavan,1-0,2392,+19,2592,-19,GM,GM,recapture,2392,manwithavan,2592,-200,C01,Normal,60+0,2018.02.17,01:08:25,Standard,,2021-07-25T22:51:10+0000,lichess_manwithavan_2021-07-25.pgn
d142e540-ce9b-4f6b-ac88-486b81c17a35,135,Rated Bullet game,https://lichess.org/xAgxSWNe,2018.02.17,?,manwithavan,recapture,0-1,2612,-20,2373,+19,GM,GM,recapture,2373,manwithavan,2612,-239,E20,Normal,60+0,2018.02.17,01:06:42,Standard,,2021-07-25T22:51:10+0000,lichess_manwithavan_2021-07-25.pgn
b7d83b90-7b26-42c3-9f34-6593f798bb18,136,Rated Bullet game,https://lichess.org/PpMfIsvU,2018.02.17,?,recapture,manwithavan,1/2-1/2,2366,+7,2620,-8,GM,GM,draw,,draw,,0,B50,Time forfeit,60+0,2018.02.17,01:04:25,Standard,,2021-07-25T22:51:10+0000,lichess_manwithavan_2021-07-25.pgn
c1c8fd9c-9b91-4201-a10c-0e811e2ae9e0,137,Rated Bullet game,https://lichess.org/qhfY55wo,2018.02.17,?,manwithavan,recapture,1-0,2615,+5,2371,-5,GM,GM,manwithavan,2615,recapture,2371,244,D05,Normal,60+0,2018.02.17,01:03:03,Standard,,2021-07-25T22:51:10+0000,lichess_manwithavan_2021-07-25.pgn
6b6516d7-de8f-449f-abf1-b7b02ac2fcf3,138,Rated Bullet game,https://lichess.org/vfh0jDYZ,2018.02.17,?,recapture,manwithavan,0-1,2376,-5,2610,+5,GM,GM,manwithavan,2610,recapture,2376,234,B01,Normal,60+0,2018.02.17,01:01:28,Standard,,2021-07-25T22:51:10+0000,lichess_manwithavan_2021-07-25.pgn
095dfdb0-433b-49e0-8614-e4d61775cbe2,139,Rated Bullet game,https://lichess.org/67qv57jk,2018.02.17,?,manwithavan,recapture,1-0,2604,+6,2381,-5,GM,GM,manwithavan,2604,recapture,2381,223,C29,Time forfeit,60+0,2018.02.17,00:59:13,Standard,,2021-07-25T22:51:10+0000,lichess_manwithavan_2021-07-25.pgn
77ffae66-3c72-48b1-ad01-cecf335966bc,140,Rated Bullet game,https://lichess.org/GpX7ptQf,2018.02.17,?,recapture,manwithavan,0-1,2387,-6,2598,+6,GM,GM,manwithavan,2598,recapture,2387,211,B01,Normal,60+0,2018.02.17,00:57:46,Standard,,2021-07-25T22:51:10+0000,lichess_manwithavan_2021-07-25.pgn
3dce0ab5-4608-4b28-a1f9-569ae5dd78d8,141,Rated Bullet game,https://lichess.org/jlnTKKfz,2018.02.17,?,manwithavan,recapture,1-0,2592,+6,2392,-5,GM,GM,manwithavan,2592,recapture,2392,200,D35,Normal,60+0,2018.02.17,00:56:48,Standard,,2021-07-25T22:51:10+0000,lichess_manwithavan_2021-07-25.pgn
f185d1a0-d3f8-4555-b23f-fdbfd53278d7,142,Rated Bullet game,https://lichess.org/wX6TrPK7,2018.02.17,?,recapture,manwithavan,0-1,2399,-7,2585,+7,GM,GM,manwithavan,2585,recapture,2399,186,B13,Normal,60+0,2018.02.17,00:55:15,Standard,,2021-07-25T22:51:10+0000,lichess_manwithavan_2021-07-25.pgn
e7a1ffdb-2b15-4e06-a28b-a69f66613cef,143,Rated Bullet game,https://lichess.org/GEgkVU1w,2018.02.17,?,manwithavan,recapture,1-0,2578,+7,2405,-6,GM,GM,manwithavan,2578,recapture,2405,173,B10,Time forfeit,60+0,2018.02.17,00:49:45,Standard,,2021-07-25T22:51:10+0000,lichess_manwithavan_2021-07-25.pgn
6ecbb1b9-9165-4202-bb3c-bfb17def5d8e,144,Rated Bullet game,https://lichess.org/rP3ULeUE,2018.02.17,?,recapture,manwithavan,0-1,2412,-7,2571,+7,GM,GM,manwithavan,2571,recapture,2412,159,C45,Time forfeit,60+0,2018.02.17,00:47:42,Standard,,2021-07-25T22:51:10+0000,lichess_manwithavan_2021-07-25.pgn
40adf162-a4e1-48f7-9c71-d34f6f9d960a,145,Rated Bullet game,https://lichess.org/twiVuCRS,2018.02.17,?,manwithavan,recapture,1-0,2563,+8,2419,-7,GM,GM,manwithavan,2563,recapture,2419,144,A45,Normal,60+0,2018.02.17,00:45:59,Standard,,2021-07-25T22:51:10+0000,lichess_manwithavan_2021-07-25.pgn
63ca0581-2811-497d-82f9-5b40e3ce1823,146,Rated Bullet game,https://lichess.org/zjC84rfR,2018.02.17,?,recapture,manwithavan,1/2-1/2,2415,+4,2568,-5,GM,GM,draw,,draw,,0,A00,Normal,60+0,2018.02.17,00:43:58,Standard,,2021-07-25T22:51:10+0000,lichess_manwithavan_2021-07-25.pgn
db1c7d82-8ae0-4fce-8493-fca35b5e8b75,147,Rated Bullet game,https://lichess.org/v9NneeOf,2018.02.17,?,manwithavan,recapture,1-0,2560,+8,2422,-7,GM,GM,manwithavan,2560,recapture,2422,138,C45,Time forfeit,60+0,2018.02.17,00:41:44,Standard,,2021-07-25T22:51:10+0000,lichess_manwithavan_2021-07-25.pgn
f09fd13b-dd3b-4b80-92e4-8f81dbdbe18a,148,Rated Bullet game,https://lichess.org/HsZhb1ye,2018.02.17,?,recapture,manwithavan,1-0,2405,+17,2579,-19,GM,GM,recapture,2405,manwithavan,2579,-174,C10,Normal,60+0,2018.02.17,00:40:02,Standard,,2021-07-25T22:51:10+0000,lichess_manwithavan_2021-07-25.pgn
2ef7f986-179f-45eb-a443-72534247002e,149,Rated Bullet game,https://lichess.org/t5VM4ogX,2018.02.17,?,manwithavan,recapture,0-1,2600,-21,2386,+19,GM,GM,recapture,2386,manwithavan,2600,-214,D37,Time forfeit,60+0,2018.02.17,00:37:50,Standard,,2021-07-25T22:51:10+0000,lichess_manwithavan_2021-07-25.pgn
c359c113-e03d-481a-9025-2d6b229a0b81,150,Rated Bullet game,https://lichess.org/1QnDdIPO,2018.02.17,?,recapture,manwithavan,0-1,2392,-6,2593,+7,GM,GM,manwithavan,2593,recapture,2392,201,A06,Normal,60+0,2018.02.17,00:36:48,Standard,,2021-07-25T22:51:10+0000,lichess_manwithavan_2021-07-25.pgn
b9d0a634-d461-4d24-a859-a909dbe79892,151,Rated Bullet game,https://lichess.org/4mVjWBR2,2018.02.17,?,manwithavan,recapture,1-0,2586,+7,2398,-6,GM,GM,manwithavan,2586,recapture,2398,188,A22,Time forfeit,60+0,2018.02.17,00:34:30,Standard,,2021-07-25T22:51:10+0000,lichess_manwithavan_2021-07-25.pgn
df319258-8e33-4605-bc73-85f4c93bfc7b,152,Rated Bullet game,https://lichess.org/O0D8m4R2,2018.02.17,?,recapture,manwithavan,1-0,2379,+19,2608,-22,GM,GM,recapture,2379,manwithavan,2608,-229,B00,Time forfeit,60+0,2018.02.17,00:32:25,Standard,,2021-07-25T22:51:10+0000,lichess_manwithavan_2021-07-25.pgn
b0693e6f-0701-43ea-9616-6cb1b8c6b092,153,Rated Bullet game,https://lichess.org/vupRTeC3,2018.02.17,?,manwithavan,recapture,1-0,2602,+6,2385,-6,GM,GM,manwithavan,2602,recapture,2385,217,A45,Time forfeit,60+0,2018.02.17,00:30:21,Standard,,2021-07-25T22:51:10+0000,lichess_manwithavan_2021-07-25.pgn
27e17099-a46b-4268-9546-99470464057f,154,Rated Bullet game,https://lichess.org/StQxyxhU,2018.02.17,?,recapture,manwithavan,0-1,2390,-5,2595,+7,GM,GM,manwithavan,2595,recapture,2390,205,C40,Time forfeit,60+0,2018.02.17,00:28:11,Standard,,2021-07-25T22:51:10+0000,lichess_manwithavan_2021-07-25.pgn
f8c77ae1-0a1c-4bc8-90e7-dbe98eac233e,155,Rated Bullet game,https://lichess.org/zIvuexJt,2018.02.17,?,manwithavan,recapture,1-0,2588,+7,2397,-7,GM,GM,manwithavan,2588,recapture,2397,191,A05,Normal,60+0,2018.02.17,00:26:22,Standard,,2021-07-25T22:51:10+0000,lichess_manwithavan_2021-07-25.pgn
a7651906-b0e3-4858-ac03-ded3023adb2b,156,Rated Bullet game,https://lichess.org/y78HwIkn,2018.02.17,?,recapture,manwithavan,0-1,2403,-6,2580,+8,GM,GM,manwithavan,2580,recapture,2403,177,A00,Normal,60+0,2018.02.17,00:25:22,Standard,,2021-07-25T22:51:10+0000,lichess_manwithavan_2021-07-25.pgn
70d18aa5-7374-4a35-8d2e-571791c55841,157,Rated Bullet game,https://lichess.org/DferP9n1,2018.02.17,?,manwithavan,recapture,1-0,2572,+8,2410,-7,GM,GM,manwithavan,2572,recapture,2410,162,B20,Time forfeit,60+0,2018.02.17,00:23:22,Standard,,2021-07-25T22:51:10+0000,lichess_manwithavan_2021-07-25.pgn
eab17183-9198-4387-afcf-03a475091d68,158,Rated Bullet game,https://lichess.org/lzycHXx4,2018.02.17,?,recapture,manwithavan,1-0,2392,+18,2594,-22,GM,GM,recapture,2392,manwithavan,2594,-202,C10,Normal,60+0,2018.02.17,00:21:37,Standard,,2021-07-25T22:51:10+0000,lichess_manwithavan_2021-07-25.pgn
dbeffe19-4f8b-433f-b364-f8333c24bd6b,159,Rated Bullet game,https://lichess.org/Q3Zfh3xU,2018.02.17,?,manwithavan,recapture,1-0,2586,+8,2398,-6,GM,GM,manwithavan,2586,recapture,2398,188,C68,Normal,60+0,2018.02.17,00:20:36,Standard,,2021-07-25T22:51:10+0000,lichess_manwithavan_2021-07-25.pgn
91753086-4df2-4d77-94f8-45ea6becf88a,160,Rated Bullet game,https://lichess.org/Bwf6OKU9,2018.02.17,?,recapture,manwithavan,0-1,2405,-7,2578,+8,GM,GM,manwithavan,2578,recapture,2405,173,C00,Time forfeit,60+0,2018.02.17,00:18:23,Standard,,2021-07-25T22:51:10+0000,lichess_manwithavan_2021-07-25.pgn
1915a482-1456-4ed3-9fd5-f99ff683bed4,161,Rated Bullet game,https://lichess.org/8l1fGXsb,2018.02.17,?,manwithavan,recapture,1-0,2570,+8,2412,-7,GM,GM,manwithavan,2570,recapture,2412,158,E97,Normal,60+0,2018.02.17,00:16:48,Standard,,2021-07-25T22:51:10+0000,lichess_manwithavan_2021-07-25.pgn
3764cd78-8916-4522-8113-cb345843e42d,162,Daily HyperBullet Arena,https://lichess.org/Oi7IJkhA,2018.01.08,?,RiseAgainst,manwithavan,1-0,2100,+25,2598,-28,,GM,RiseAgainst,2100,manwithavan,2598,-498,D94,Time forfeit,30+0,2018.01.08,20:08:47,Standard,,2021-07-25T22:51:10+0000,lichess_manwithavan_2021-07-25.pgn
49a415bc-1799-4f35-9bbf-92dddac8b586,163,Daily HyperBullet Arena,https://lichess.org/QYS1jYQq,2018.01.08,?,manwithavan,DonPietroCarrera,1-0,2596,+2,2179,-2,GM,,manwithavan,2596,DonPietroCarrera,2179,417,A40,Normal,30+0,2018.01.08,20:07:47,Standard,,2021-07-25T22:51:10+0000,lichess_manwithavan_2021-07-25.pgn
83cac56d-eff4-4640-a8f4-407eff3c481b,164,Daily HyperBullet Arena,https://lichess.org/37DXIa1f,2018.01.08,?,Sharaev,manwithavan,0-1,1875,-1,2595,+1,,GM,manwithavan,2595,Sharaev,1875,720,C41,Time forfeit,30+0,2018.01.08,20:06:32,Standard,,2021-07-25T22:51:10+0000,lichess_manwithavan_2021-07-25.pgn
64c0f20b-344d-44fb-b76a-d7d391d2f198,165,Daily HyperBullet Arena,https://lichess.org/Ccska27q,2018.01.08,?,ModafinilxRitalin,manwithavan,0-1,1934,+0,2594,+1,,GM,manwithavan,2594,ModafinilxRitalin,1934,660,A35,Time forfeit,30+0,2018.01.08,20:05:30,Standard,,2021-07-25T22:51:10+0000,lichess_manwithavan_2021-07-25.pgn
17525282-2c30-49fa-a5b8-6e5d8d2e61b8,166,Daily HyperBullet Arena,https://lichess.org/wRAZTJX4,2018.01.08,?,MiseryBusiness1,manwithavan,0-1,1129,+0,2594,+0,,GM,manwithavan,2594,MiseryBusiness1,1129,1465,B01,Normal,30+0,2018.01.08,20:04:46,Standard,,2021-07-25T22:51:10+0000,lichess_manwithavan_2021-07-25.pgn
f3f78d93-630b-4e08-b462-fa0760f2eada,167,Daily HyperBullet Arena,https://lichess.org/M4VwlcRY,2018.01.08,?,manwithavan,Mayjin,1-0,2592,+2,2150,-3,GM,,manwithavan,2592,Mayjin,2150,442,A84,Normal,30+0,2018.01.08,20:03:44,Standard,,2021-07-25T22:51:10+0000,lichess_manwithavan_2021-07-25.pgn
c15cc06d-0e33-4b04-9a8b-fb5603de7627,168,Bullet Shield Arena,https://lichess.org/Mbxrkucs,2018.01.08,?,manwithavan,Ermolaev,0-1,2613,-21,2408,+17,GM,,Ermolaev,2408,manwithavan,2613,-205,A01,Normal,60+0,2018.01.08,19:58:32,Standard,,2021-07-25T22:51:10+0000,lichess_manwithavan_2021-07-25.pgn
6dca045c-1083-45be-8b61-e98a643b873b,169,Bullet Shield Arena,https://lichess.org/98L1F7vW,2018.01.08,?,FanniBanni,manwithavan,0-1,2335,-5,2608,+5,FM,GM,manwithavan,2608,FanniBanni,2335,273,A00,Time forfeit,60+0,2018.01.08,19:56:35,Standard,,2021-07-25T22:51:10+0000,lichess_manwithavan_2021-07-25.pgn
f0f0e8eb-9365-48df-ba20-5a6dbd57b625,170,Bullet Shield Arena,https://lichess.org/yMHTWaEw,2018.01.08,?,manwithavan,Lance5500,0-1,2626,-18,2530,+19,GM,LM,Lance5500,2530,manwithavan,2626,-96,A15,Normal,60+0,2018.01.08,19:55:57,Standard,,2021-07-25T22:51:10+0000,lichess_manwithavan_2021-07-25.pgn
ce29ec80-2bb4-4a7e-a51e-10ac09aeb319,171,Bullet Shield Arena,https://lichess.org/8zkTzGVF,2018.01.08,?,batalelkom,manwithavan,0-1,2119,-2,2625,+1,,GM,manwithavan,2625,batalelkom,2119,506,B06,Time forfeit,60+0,2018.01.08,19:54:05,Standard,,2021-07-25T22:51:10+0000,lichess_manwithavan_2021-07-25.pgn
989db6dc-ef05-4cd5-a2c2-df129f544c55,172,Bullet Shield Arena,https://lichess.org/9xvZUCyq,2018.01.08,?,FanniBanni,manwithavan,0-1,2338,-5,2620,+5,FM,GM,manwithavan,2620,FanniBanni,2338,282,A00,Time forfeit,60+0,2018.01.08,19:52:10,Standard,,2021-07-25T22:51:10+0000,lichess_manwithavan_2021-07-25.pgn
619afe9c-6d9d-4a70-8800-f01d6a26179d,173,Bullet Shield Arena,https://lichess.org/ob4dCzvh,2018.01.08,?,manwithavan,Ermolaev,1-0,2612,+8,2438,-6,GM,,manwithavan,2612,Ermolaev,2438,174,A04,Time forfeit,60+0,2018.01.08,19:50:12,Standard,,2021-07-25T22:51:10+0000,lichess_manwithavan_2021-07-25.pgn
a7324aed-74bc-46e6-942b-cff55e496d52,174,Bullet Shield Arena,https://lichess.org/mZp0zPLG,2018.01.08,?,manwithavan,Gilevich,1-0,2605,+7,2397,-5,GM,,manwithavan,2605,Gilevich,2397,208,A04,Normal,60+0,2018.01.08,19:48:21,Standard,,2021-07-25T22:51:10+0000,lichess_manwithavan_2021-07-25.pgn
216803ea-4471-4fdd-a172-3d77e915150b,175,Bullet Shield Arena,https://lichess.org/7iBQ7753,2018.01.08,?,lovlas,manwithavan,0-1,2534,-11,2593,+12,IM,GM,manwithavan,2593,lovlas,2534,59,B10,Normal,60+0,2018.01.08,19:47:26,Standard,,2021-07-25T22:51:10+0000,lichess_manwithavan_2021-07-25.pgn
aa3fdb03-3b7c-4391-afc1-7f8413d978bc,176,Bullet Shield Arena,https://lichess.org/PI8C3NzV,2018.01.08,?,manwithavan,FanniBanni,1-0,2588,+5,2326,-5,GM,FM,manwithavan,2588,FanniBanni,2326,262,A11,Time forfeit,60+0,2018.01.08,19:45:24,Standard,,2021-07-25T22:51:10+0000,lichess_manwithavan_2021-07-25.pgn
e5d82faf-480a-4113-995d-4da22c0958f4,177,Bullet Shield Arena,https://lichess.org/uzG1kpCx,2018.01.08,?,lovlas,manwithavan,0-1,2538,-11,2575,+13,IM,GM,manwithavan,2575,lovlas,2538,37,D37,Normal,60+0,2018.01.08,19:43:47,Standard,,2021-07-25T22:51:10+0000,lichess_manwithavan_2021-07-25.pgn
ffac0f90-6c07-43e7-8188-edf123a2f42e,178,Bullet Shield Arena,https://lichess.org/1scAkP2J,2018.01.08,?,manwithavan,x014y,1-0,2573,+2,2051,-1,GM,,manwithavan,2573,x014y,2051,522,A04,Normal,60+0,2018.01.08,19:42:18,Standard,,2021-07-25T22:51:10+0000,lichess_manwithavan_2021-07-25.pgn
e48d5020-7675-4449-842d-02f61384cad1,179,Bullet Shield Arena,https://lichess.org/4sfv3gI7,2018.01.08,?,Happy_Jedi_2003,manwithavan,0-1,2459,-9,2563,+10,,GM,manwithavan,2563,Happy_Jedi_2003,2459,104,?,Abandoned,60+0,2018.01.08,19:41:59,Standard,,2021-07-25T22:51:10+0000,lichess_manwithavan_2021-07-25.pgn
956a479d-db14-4314-9ebd-be226a82d4a7,180,Bullet Shield Arena,https://lichess.org/to5otIyH,2018.01.08,?,manwithavan,kapaccino,1-0,2554,+9,2396,-7,GM,IM,manwithavan,2554,kapaccino,2396,158,A04,Normal,60+0,2018.01.08,19:40:57,Standard,,2021-07-25T22:51:10+0000,lichess_manwithavan_2021-07-25.pgn
510591ef-0b87-4dee-ae74-b3f11bff68a3,181,Bullet Shield Arena,https://lichess.org/5TSb60uO,2018.01.08,?,Gilevich,manwithavan,1-0,2402,+17,2576,-22,,GM,Gilevich,2402,manwithavan,2576,-174,A01,Normal,60+0,2018.01.08,19:39:24,Standard,,2021-07-25T22:51:10+0000,lichess_manwithavan_2021-07-25.pgn
f8d11b63-7b98-4a40-9db7-594ea468fb19,182,Bullet Shield Arena,https://lichess.org/eJy8PCW2,2018.01.08,?,manwithavan,kapaccino,0-1,2600,-24,2396,+19,GM,IM,kapaccino,2396,manwithavan,2600,-204,D00,Normal,60+0,2018.01.08,19:37:45,Standard,,2021-07-25T22:51:10+0000,lichess_manwithavan_2021-07-25.pgn
17f3c237-7b7a-4838-ac5d-7721cf646902,183,Bullet Shield Arena,https://lichess.org/GweoAzxO,2018.01.08,?,Kamikaze09,manwithavan,1-0,2106,+22,2630,-30,,GM,Kamikaze09,2106,manwithavan,2630,-524,B06,Time forfeit,60+0,2018.01.08,19:35:49,Standard,,2021-07-25T22:51:10+0000,lichess_manwithavan_2021-07-25.pgn
86f4ee61-0a4f-415b-8d48-5a13bf97fd3d,184,Bullet Shield Arena,https://lichess.org/6uGczLqM,2018.01.08,?,manwithavan,Gilevich,1-0,2623,+7,2416,-5,GM,,manwithavan,2623,Gilevich,2416,207,C25,Normal,60+0,2018.01.08,19:34:41,Standard,,2021-07-25T22:51:10+0000,lichess_manwithavan_2021-07-25.pgn
b2c35ab5-2111-421f-a781-3009d2925de8,185,Bullet Shield Arena,https://lichess.org/aDB58hKe,2018.01.08,?,Dementyev,manwithavan,0-1,1882,+0,2622,+1,,GM,manwithavan,2622,Dementyev,1882,740,?,Normal,60+0,2018.01.08,19:34:22,Standard,,2021-07-25T22:51:10+0000,lichess_manwithavan_2021-07-25.pgn
9758c42f-d7b3-4bb9-b0f5-6674b6917342,186,Bullet Shield Arena,https://lichess.org/gfPm2wQk,2018.01.08,?,manwithavan,Alexander_Sichkar,1-0,2619,+3,2224,-2,GM,,manwithavan,2619,Alexander_Sichkar,2224,395,A04,Normal,60+0,2018.01.08,19:33:21,Standard,,2021-07-25T22:51:10+0000,lichess_manwithavan_2021-07-25.pgn
33289913-f987-426d-8fbc-0d25f3993768,187,Bullet Shield Arena,https://lichess.org/1Z7UiQRu,2018.01.08,?,hrvoje_strasni,manwithavan,0-1,2004,-1,2618,+1,,GM,manwithavan,2618,hrvoje_strasni,2004,614,B12,Time forfeit,60+0,2018.01.08,19:31:29,Standard,,2021-07-25T22:51:10+0000,lichess_manwithavan_2021-07-25.pgn
196f97c0-de49-417d-8bf8-7e8d6058a98f,188,Bullet Shield Arena,https://lichess.org/p9KCY76O,2018.01.08,?,Ermolaev,manwithavan,0-1,2432,-6,2610,+8,,GM,manwithavan,2610,Ermolaev,2432,178,A40,Time forfeit,60+0,2018.01.08,19:29:24,Standard,,2021-07-25T22:51:10+0000,lichess_manwithavan_2021-07-25.pgn
9624ea58-7a85-43a9-a1c0-fd65344de753,189,Bullet Shield Arena,https://lichess.org/gAYN6rUS,2018.01.08,?,manwithavan,chessfan1,1-0,2609,+1,2041,-1,GM,,manwithavan,2609,chessfan1,2041,568,A05,Normal,60+0,2018.01.08,19:28:33,Standard,,2021-07-25T22:51:10+0000,lichess_manwithavan_2021-07-25.pgn
2408c473-ac08-4705-b470-99fb78eb640a,190,Bullet Shield Arena,https://lichess.org/VXGcfMvh,2018.01.08,?,manwithavan,InsaneChessPlayer,0-1,2636,-27,2266,+21,GM,,InsaneChessPlayer,2266,manwithavan,2636,-370,E10,Normal,60+0,2018.01.08,19:26:57,Standard,,2021-07-25T22:51:10+0000,lichess_manwithavan_2021-07-25.pgn
ea752e8e-9c75-44ac-9b86-32413d787e5b,191,Bullet Shield Arena,https://lichess.org/2ghiS0sM,2018.01.08,?,ChampionOfBlitz,manwithavan,0-1,2020,+0,2635,+1,,GM,manwithavan,2635,ChampionOfBlitz,2020,615,A01,Normal,60+0,2018.01.08,19:25:34,Standard,,2021-07-25T22:51:10+0000,lichess_manwithavan_2021-07-25.pgn
a54366e5-3f24-48aa-b0fc-e10970cb5d6d,192,Bullet Shield Arena,https://lichess.org/jkEIegWm,2018.01.08,?,kmandar,manwithavan,0-1,1989,+0,2634,+1,,GM,manwithavan,2634,kmandar,1989,645,D90,Time forfeit,60+0,2018.01.08,19:23:22,Standard,,2021-07-25T22:51:10+0000,lichess_manwithavan_2021-07-25.pgn
4e8bc899-d1e1-48d2-ac88-b32ecd022355,193,Bullet Shield Arena,https://lichess.org/ddGEVnP9,2018.01.08,?,manwithavan,x014y,1-0,2633,+1,2053,+0,GM,,manwithavan,2633,x014y,2053,580,A45,Normal,60+0,2018.01.08,19:22:31,Standard,,2021-07-25T22:51:10+0000,lichess_manwithavan_2021-07-25.pgn
69ab496d-56dc-4513-a03f-775a4ad1508b,194,Bullet Shield Arena,https://lichess.org/zYO0U8qq,2018.01.08,?,manwithavan,InsaneChessPlayer,1-0,2630,+3,2239,-3,GM,,manwithavan,2630,InsaneChessPlayer,2239,391,C45,Normal,60+0,2018.01.08,19:21:13,Standard,,2021-07-25T22:51:10+0000,lichess_manwithavan_2021-07-25.pgn
91c76e56-fc85-4d9c-9691-0cae8a866346,195,Bullet Shield Arena,https://lichess.org/yHLWiJBc,2018.01.08,?,SnackYourPawn,manwithavan,0-1,2249,-3,2627,+3,,GM,manwithavan,2627,SnackYourPawn,2249,378,A40,Normal,60+0,2018.01.08,19:19:42,Standard,,2021-07-25T22:51:10+0000,lichess_manwithavan_2021-07-25.pgn
5557c3ec-a86f-45f9-96d1-12520abef8fb,196,Bullet Shield Arena,https://lichess.org/5PCTl9QJ,2018.01.08,?,Ermolaev,manwithavan,0-1,2463,-7,2619,+8,,GM,manwithavan,2619,Ermolaev,2463,156,A40,Normal,60+0,2018.01.08,19:18:05,Standard,,2021-07-25T22:51:10+0000,lichess_manwithavan_2021-07-25.pgn
eba9e3c0-0862-4272-9d67-5e4f4edb4fc7,197,Bullet Shield Arena,https://lichess.org/luUjbvT7,2018.01.08,?,manwithavan,TheMeatOnBone,1/2-1/2,2614,+5,2745,-5,GM,,draw,,draw,,0,A04,Normal,60+0,2018.01.08,19:16:45,Standard,,2021-07-25T22:51:10+0000,lichess_manwithavan_2021-07-25.pgn
6a29dce5-2b57-4a96-b5ca-f4f417d699b6,198,Bullet Shield Arena,https://lichess.org/32lyvLz6,2018.01.08,?,FanniBanni,manwithavan,0-1,2259,-3,2610,+4,FM,GM,manwithavan,2610,FanniBanni,2259,351,A00,Normal,60+0,2018.01.08,19:15:25,Standard,,2021-07-25T22:51:10+0000,lichess_manwithavan_2021-07-25.pgn
430a3525-76b6-4ae6-b2e5-6451d9141f41,199,Bullet Shield Arena,https://lichess.org/vaJSHsum,2018.01.08,?,manwithavan,Luberpull,1-0,2609,+1,1983,+0,GM,,manwithavan,2609,Luberpull,1983,626,A04,Normal,60+0,2018.01.08,19:14:27,Standard,,2021-07-25T22:51:10+0000,lichess_manwithavan_2021-07-25.pgn
29283d8f-532c-40c4-bf8f-88ac85f58194,200,Bullet Shield Arena,https://lichess.org/3N3REUaT,2018.01.08,?,manwithavan,TheMeatOnBone,0-1,2619,-10,2734,+10,GM,,TheMeatOnBone,2734,manwithavan,2619,115,A04,Normal,60+0,2018.01.08,19:13:08,Standard,,2021-07-25T22:51:10+0000,lichess_manwithavan_2021-07-25.pgn
a842e75b-89ea-464a-a346-c12c045c41f3,201,Bullet Shield Arena,https://lichess.org/QxiN2H5P,2018.01.08,?,streetfirer,manwithavan,0-1,2361,-5,2613,+6,,GM,manwithavan,2613,streetfirer,2361,252,A00,Normal,60+0,2018.01.08,19:11:26,Standard,,2021-07-25T22:51:10+0000,lichess_manwithavan_2021-07-25.pgn
3d68f42c-b884-44d7-925c-1d13a53a34af,202,Bullet Shield Arena,https://lichess.org/02pWD6iM,2018.01.08,?,manwithavan,Alexander_Sichkar,1-0,2610,+3,2243,-3,GM,,manwithavan,2610,Alexander_Sichkar,2243,367,A04,Time forfeit,60+0,2018.01.08,19:09:21,Standard,,2021-07-25T22:51:10+0000,lichess_manwithavan_2021-07-25.pgn
9bb29ff6-6826-437d-a2eb-96495055ed9c,203,Bullet Shield Arena,https://lichess.org/eXMQujmR,2018.01.08,?,ChampionOfBlitz,manwithavan,0-1,2082,-2,2609,+1,,GM,manwithavan,2609,ChampionOfBlitz,2082,527,A01,Normal,60+0,2018.01.08,19:07:30,Standard,,2021-07-25T22:51:10+0000,lichess_manwithavan_2021-07-25.pgn
fc6f914e-222e-438e-ac67-5165f689ab45,204,Bullet Shield Arena,https://lichess.org/QOb7hUD8,2018.01.08,?,manwithavan,ragetilt,0-1,2629,-20,2493,+16,GM,FM,ragetilt,2493,manwithavan,2629,-136,A40,Normal,60+0,2018.01.08,19:06:20,Standard,,2021-07-25T22:51:10+0000,lichess_manwithavan_2021-07-25.pgn
f7c02bb3-2470-43a2-a744-8e4028bee8e0,205,Bullet Shield Arena,https://lichess.org/8bQfBQcC,2018.01.08,?,FanniBanni,manwithavan,1-0,2264,+24,2656,-27,FM,GM,FanniBanni,2264,manwithavan,2656,-392,A00,Time forfeit,60+0,2018.01.08,19:04:37,Standard,,2021-07-25T22:51:10+0000,lichess_manwithavan_2021-07-25.pgn
5eafc819-012e-415c-96f0-948bb252970a,206,Bullet Shield Arena,https://lichess.org/svJfUlaC,2018.01.08,?,IMfeher,manwithavan,1/2-1/2,2160,+11,2669,-13,,GM,draw,,draw,,0,B00,Time forfeit,60+0,2018.01.08,19:02:33,Standard,,2021-07-25T22:51:10+0000,lichess_manwithavan_2021-07-25.pgn
c3f1be37-0897-4641-8a6f-fe4e86e7e41f,207,Bullet Shield Arena,https://lichess.org/9UOw0b7B,2018.01.08,?,manwithavan,Kamikaze09,1-0,2669,+0,1948,+0,GM,,manwithavan,2669,Kamikaze09,1948,721,D00,Normal,60+0,2018.01.08,19:00:51,Standard,,2021-07-25T22:51:10+0000,lichess_manwithavan_2021-07-25.pgn
eeebb4f5-74fd-427d-aa52-3cd5b0ba8459,208,Bullet Shield Arena,https://lichess.org/AZmqC7b2,2018.01.08,?,InsaneChessPlayer,manwithavan,0-1,2282,-2,2666,+3,,GM,manwithavan,2666,InsaneChessPlayer,2282,384,B00,Normal,60+0,2018.01.08,18:59:08,Standard,,2021-07-25T22:51:10+0000,lichess_manwithavan_2021-07-25.pgn
a13fa35a-afa0-4108-a021-e9c96f975569,209,Bullet Shield Arena,https://lichess.org/Zmxx7hj5,2018.01.08,?,manwithavan,joanginatitu,1-0,2665,+1,1999,-1,GM,,manwithavan,2665,joanginatitu,1999,666,A10,Normal,60+0,2018.01.08,18:58:39,Standard,,2021-07-25T22:51:10+0000,lichess_manwithavan_2021-07-25.pgn
67238801-2ae4-4ed3-a7c9-8c9cbc79c76a,210,Bullet Shield Arena,https://lichess.org/lxfIITd6,2018.01.08,?,TheMeatOnBone,manwithavan,0-1,2773,-20,2646,+19,,GM,manwithavan,2646,TheMeatOnBone,2773,-127,A04,Time forfeit,60+0,2018.01.08,18:56:02,Standard,,2021-07-25T22:51:10+0000,lichess_manwithavan_2021-07-25.pgn
4696ed38-4707-4323-abef-ac99d613d608,211,Bullet Shield Arena,https://lichess.org/D1s507aB,2018.01.08,?,manwithavan,joanginatitu,1-0,2645,+1,2023,-1,GM,,manwithavan,2645,joanginatitu,2023,622,B22,Normal,60+0,2018.01.08,18:54:33,Standard,,2021-07-25T22:51:10+0000,lichess_manwithavan_2021-07-25.pgn
67b7d57b-64b7-4c2f-8356-024f52ad9f05,212,Bullet Shield Arena,https://lichess.org/oTKoDax3,2018.01.08,?,ragetilt,manwithavan,0-1,2477,-7,2637,+8,FM,GM,manwithavan,2637,ragetilt,2477,160,B12,Normal,60+0,2018.01.08,18:52:52,Standard,,2021-07-25T22:51:10+0000,lichess_manwithavan_2021-07-25.pgn
679c3dcb-09a7-45ee-b3d4-34e0c57c92d2,213,Bullet Shield Arena,https://lichess.org/icmUE6nU,2018.01.08,?,manwithavan,x014y,1-0,2636,+1,2003,+0,GM,,manwithavan,2636,x014y,2003,633,A10,Normal,60+0,2018.01.08,18:51:49,Standard,,2021-07-25T22:51:10+0000,lichess_manwithavan_2021-07-25.pgn
1fe2d24d-f369-478d-beed-575b1def994b,214,Bullet Shield Arena,https://lichess.org/QkRukNUx,2018.01.08,?,AMADAN,manwithavan,0-1,2448,-7,2629,+7,FM,GM,manwithavan,2629,AMADAN,2448,181,B06,Time forfeit,60+0,2018.01.08,18:49:45,Standard,,2021-07-25T22:51:10+0000,lichess_manwithavan_2021-07-25.pgn
a4b2e006-6315-4152-921b-0d9adfe1c32a,215,Bullet Shield Arena,https://lichess.org/MnudoOlL,2018.01.08,?,manwithavan,ragetilt,1-0,2620,+9,2474,-7,GM,FM,manwithavan,2620,ragetilt,2474,146,A05,Normal,60+0,2018.01.08,18:48:39,Standard,,2021-07-25T22:51:10+0000,lichess_manwithavan_2021-07-25.pgn
16f216a2-b3e6-4556-8672-c001894c0e74,216,Bullet Shield Arena,https://lichess.org/fxqMOJYj,2018.01.08,?,streetfirer,manwithavan,0-1,2396,-6,2614,+6,,GM,manwithavan,2614,streetfirer,2396,218,A04,Normal,60+0,2018.01.08,18:47:38,Standard,,2021-07-25T22:51:10+0000,lichess_manwithavan_2021-07-25.pgn
1da57b77-ae9e-46df-b7a3-add5c9a130d8,217,Bullet Shield Arena,https://lichess.org/1CFFOXcK,2018.01.08,?,manwithavan,Happy_Jedi_2003,1-0,2603,+11,2496,-9,GM,,manwithavan,2603,Happy_Jedi_2003,2496,107,A01,Normal,60+0,2018.01.08,18:45:41,Standard,,2021-07-25T22:51:10+0000,lichess_manwithavan_2021-07-25.pgn
3f9a36eb-c4c8-4560-9159-6ed683045088,218,Bullet Shield Arena,https://lichess.org/KQsz8RVR,2018.01.08,?,blue_penguin,manwithavan,1-0,2159,+20,2631,-28,,GM,blue_penguin,2159,manwithavan,2631,-472,A04,Normal,60+0,2018.01.08,18:43:50,Standard,,2021-07-25T22:51:10+0000,lichess_manwithavan_2021-07-25.pgn
a71576e4-d762-4f40-82f6-95a31004e45a,219,Bullet Shield Arena,https://lichess.org/T0BBek4a,2018.01.08,?,manwithavan,ragetilt,1/2-1/2,2637,-6,2485,+5,GM,FM,draw,,draw,,0,A00,Normal,60+0,2018.01.08,18:41:59,Standard,,2021-07-25T22:51:10+0000,lichess_manwithavan_2021-07-25.pgn
16f9daab-0477-48ce-80f1-7306a11e1ff2,220,Bullet Shield Arena,https://lichess.org/ubUUUB3K,2018.01.08,?,mengene80,manwithavan,0-1,1910,-1,2637,+0,,GM,manwithavan,2637,mengene80,1910,727,A88,Time forfeit,60+0,2018.01.08,18:40:01,Standard,,2021-07-25T22:51:10+0000,lichess_manwithavan_2021-07-25.pgn
881e4189-7f54-4539-9443-7a276c731888,221,Bullet Shield Arena,https://lichess.org/BqAaHFnj,2018.01.08,?,manwithavan,Happy_Jedi_2003,0-1,2657,-20,2510,+17,GM,,Happy_Jedi_2003,2510,manwithavan,2657,-147,D10,Normal,60+0,2018.01.08,18:38:23,Standard,,2021-07-25T22:51:11+0000,lichess_manwithavan_2021-07-25.pgn
35c28771-e362-465d-83b1-0fb96d29d592,222,Bullet Shield Arena,https://lichess.org/PtTzYRH0,2018.01.08,?,manwithavan,Alexander_Sichkar,1-0,2655,+2,2216,-2,GM,,manwithavan,2655,Alexander_Sichkar,2216,439,A02,Time forfeit,60+0,2018.01.08,18:36:18,Standard,,2021-07-25T22:51:11+0000,lichess_manwithavan_2021-07-25.pgn
aa1eed51-50a0-47c9-b9e1-26d078e17256,223,Bullet Shield Arena,https://lichess.org/Mg7Kga7F,2018.01.08,?,Dutchboy,manwithavan,0-1,2572,-10,2643,+12,,GM,manwithavan,2643,Dutchboy,2572,71,B00,Normal,60+0,2018.01.08,18:34:53,Standard,,2021-07-25T22:51:11+0000,lichess_manwithavan_2021-07-25.pgn
4d7aa49a-807a-4dee-b2ef-df4981c4c9b4,224,Bullet Shield Arena,https://lichess.org/E9FeIp8Q,2018.01.08,?,manwithavan,AMADAN,1-0,2637,+6,2402,-6,GM,FM,manwithavan,2637,AMADAN,2402,235,A00,Time forfeit,60+0,2018.01.08,18:32:52,Standard,,2021-07-25T22:51:11+0000,lichess_manwithavan_2021-07-25.pgn
65112b9f-1f64-45ff-92f5-290be2f1a6a0,225,Bullet Shield Arena,https://lichess.org/H9g19PSz,2018.01.08,?,joanginatitu,manwithavan,0-1,2090,-1,2635,+2,,GM,manwithavan,2635,joanginatitu,2090,545,A00,Normal,60+0,2018.01.08,18:32:01,Standard,,2021-07-25T22:51:11+0000,lichess_manwithavan_2021-07-25.pgn
ea540486-f3b6-4abe-9156-b1816a3655cb,226,Bullet Shield Arena,https://lichess.org/UgrHJ0JC,2018.01.08,?,manwithavan,tabak,0-1,2662,-27,2244,+24,GM,,tabak,2244,manwithavan,2662,-418,A01,Normal,60+0,2018.01.08,18:25:25,Standard,,2021-07-25T22:51:11+0000,lichess_manwithavan_2021-07-25.pgn
699a5bc0-24e5-431c-be7a-c30a9d85300b,227,Bullet Shield Arena,https://lichess.org/Orf8nk4d,2018.01.08,?,joanginatitu,manwithavan,0-1,2105,-1,2661,+1,,GM,manwithavan,2661,joanginatitu,2105,556,?,Normal,60+0,2018.01.08,18:25:09,Standard,,2021-07-25T22:51:11+0000,lichess_manwithavan_2021-07-25.pgn
92b2213e-bcba-47fc-b5cd-a73d4d3bda6a,228,Bullet Shield Arena,https://lichess.org/uC0bnc8G,2018.01.08,?,TheMeatOnBone,manwithavan,1-0,2772,+11,2672,-11,,GM,TheMeatOnBone,2772,manwithavan,2672,100,A15,Normal,60+0,2018.01.08,18:22:58,Standard,,2021-07-25T22:51:11+0000,lichess_manwithavan_2021-07-25.pgn
441f0dd8-53ea-42bc-b974-8af2aa3d07c4,229,Bullet Shield Arena,https://lichess.org/303VBcAn,2018.01.08,?,manwithavan,joanginatitu,1-0,2670,+2,2116,-1,GM,,manwithavan,2670,joanginatitu,2116,554,?,Normal,60+0,2018.01.08,18:22:42,Standard,,2021-07-25T22:51:11+0000,lichess_manwithavan_2021-07-25.pgn
76d34a65-2d23-4f54-815f-17dff89f3473,230,Bullet Shield Arena,https://lichess.org/6sVQlw5A,2018.01.08,?,manwithavan,Dutchboy,1-0,2658,+12,2608,-11,GM,,manwithavan,2658,Dutchboy,2608,50,C45,Normal,60+0,2018.01.08,18:20:57,Standard,,2021-07-25T22:51:11+0000,lichess_manwithavan_2021-07-25.pgn
5872af7e-bf4a-4665-95e6-d815976c7f4c,231,Bullet Shield Arena,https://lichess.org/CNG2ak0J,2018.01.08,?,FanniBanni,manwithavan,0-1,2285,-3,2655,+3,FM,GM,manwithavan,2655,FanniBanni,2285,370,A00,Time forfeit,60+0,2018.01.08,18:19:14,Standard,,2021-07-25T22:51:11+0000,lichess_manwithavan_2021-07-25.pgn
18d66d3e-8118-42c1-b5e2-dbd6617c997d,232,Bullet Shield Arena,https://lichess.org/ZWyGB4gY,2018.01.08,?,manwithavan,San_009,1-0,2653,+2,2168,-2,GM,,manwithavan,2653,San_009,2168,485,C00,Normal,60+0,2018.01.08,18:18:05,Standard,,2021-07-25T22:51:11+0000,lichess_manwithavan_2021-07-25.pgn
8ddc932b-4119-4c75-9f18-250b9e238d9c,233,Bullet Shield Arena,https://lichess.org/s3GQ3Z8T,2018.01.08,?,Gilevich,manwithavan,0-1,2366,-4,2648,+5,,GM,manwithavan,2648,Gilevich,2366,282,A04,Time forfeit,60+0,2018.01.08,18:16:21,Standard,,2021-07-25T22:51:11+0000,lichess_manwithavan_2021-07-25.pgn
23b8a222-4039-44f4-8331-0bdeffa3a355,234,Bullet Shield Arena,https://lichess.org/FVB6rxd1,2018.01.08,?,mw45,manwithavan,0-1,2056,-1,2647,+1,,GM,manwithavan,2647,mw45,2056,591,B10,Normal,60+0,2018.01.08,18:15:18,Standard,,2021-07-25T22:51:11+0000,lichess_manwithavan_2021-07-25.pgn
090d9157-a2ef-46d1-a70c-498e69bec98c,235,Bullet Shield Arena,https://lichess.org/FFMC7lq0,2018.01.08,?,manwithavan,Alexander_Sichkar,1-0,2644,+3,2226,-2,GM,,manwithavan,2644,Alexander_Sichkar,2226,418,A13,Normal,60+0,2018.01.08,18:13:52,Standard,,2021-07-25T22:51:11+0000,lichess_manwithavan_2021-07-25.pgn
02f61bb0-0efa-43a8-83e2-987edf6e0909,236,Bullet Shield Arena,https://lichess.org/YGyIpw6K,2018.01.08,?,manwithavan,Dutchboy,1-0,2631,+13,2589,-11,GM,,manwithavan,2631,Dutchboy,2589,42,B01,Normal,60+0,2018.01.08,17:50:54,Standard,,2021-07-25T22:51:11+0000,lichess_manwithavan_2021-07-25.pgn
e443602a-5322-405a-9a6d-dcfbad727a76,237,Bullet Shield Arena,https://lichess.org/ZTOmDOwX,2018.01.08,?,Happy_Jedi_2003,manwithavan,0-1,2575,-11,2618,+13,,GM,manwithavan,2618,Happy_Jedi_2003,2575,43,E04,Normal,60+0,2018.01.08,17:48:12,Standard,,2021-07-25T22:51:11+0000,lichess_manwithavan_2021-07-25.pgn
0a4648c9-75db-46d0-b92d-168091a833ab,238,Bullet Shield Arena,https://lichess.org/gvAJLIw2,2018.01.08,?,Dhiegorov,manwithavan,0-1,2125,-1,2617,+1,,GM,manwithavan,2617,Dhiegorov,2125,492,E61,Normal,60+0,2018.01.08,17:46:59,Standard,,2021-07-25T22:51:11+0000,lichess_manwithavan_2021-07-25.pgn
248f663e-8afd-48b2-856a-a1af1cb89a2f,239,Bullet Shield Arena,https://lichess.org/meH7SzSU,2018.01.08,?,manwithavan,Dutchboy,0-1,2634,-17,2575,+15,GM,,Dutchboy,2575,manwithavan,2634,-59,D00,Normal,60+0,2018.01.08,17:45:46,Standard,,2021-07-25T22:51:11+0000,lichess_manwithavan_2021-07-25.pgn
b6a2aa24-b3c1-4035-bffe-fbc011631dd6,240,Bullet Shield Arena,https://lichess.org/Qm8Zk2je,2018.01.08,?,manwithavan,ragetilt,1-0,2627,+7,2411,-5,GM,FM,manwithavan,2627,ragetilt,2411,216,B17,Normal,60+0,2018.01.08,17:44:36,Standard,,2021-07-25T22:51:11+0000,lichess_manwithavan_2021-07-25.pgn
ddcf6db8-6e73-48a7-8bb6-d7c263baa765,241,Bullet Shield Arena,https://lichess.org/csldnKYR,2018.01.08,?,TheMENTALIST74,manwithavan,0-1,2065,-1,2626,+1,,GM,manwithavan,2626,TheMENTALIST74,2065,561,A00,Normal,60+0,2018.01.08,17:40:45,Standard,,2021-07-25T22:51:11+0000,lichess_manwithavan_2021-07-25.pgn
954b6840-91f9-4199-b2f2-383d23ac2d3a,242,Bullet Shield Arena,https://lichess.org/g7Z35GjJ,2018.01.08,?,manwithavan,streetfirer,1-0,2619,+7,2383,-5,GM,,manwithavan,2619,streetfirer,2383,236,A00,Normal,60+0,2018.01.08,17:39:11,Standard,,2021-07-25T22:51:11+0000,lichess_manwithavan_2021-07-25.pgn
228ced9e-0f31-4c58-bb8b-ba23759fad94,243,Bullet Shield Arena,https://lichess.org/D20ctuyv,2018.01.08,?,Sijavush,manwithavan,0-1,2176,-2,2617,+2,,GM,manwithavan,2617,Sijavush,2176,441,A40,Normal,60+0,2018.01.08,17:37:27,Standard,,2021-07-25T22:51:11+0000,lichess_manwithavan_2021-07-25.pgn
00838afd-2475-4443-8e4a-e8c9f46bdc2e,244,Bullet Shield Arena,https://lichess.org/gxyBQVjr,2018.01.08,?,streetfirer,manwithavan,0-1,2392,-5,2610,+7,,GM,manwithavan,2610,streetfirer,2392,218,A04,Normal,60+0,2018.01.08,17:36:30,Standard,,2021-07-25T22:51:11+0000,lichess_manwithavan_2021-07-25.pgn
fc6a1d84-afcd-4d62-b9fa-39cb0b79df3a,245,Bullet Shield Arena,https://lichess.org/nUAgtRJu,2018.01.08,?,manwithavan,Happy_Jedi_2003,1-0,2597,+13,2557,-12,GM,,manwithavan,2597,Happy_Jedi_2003,2557,40,D10,Normal,60+0,2018.01.08,17:35:21,Standard,,2021-07-25T22:51:11+0000,lichess_manwithavan_2021-07-25.pgn
03d8d66a-523a-4bdf-9d1a-28d437971a3a,246,Bullet Shield Arena,https://lichess.org/bQ5JgyYx,2018.01.08,?,manwithavan,Gilevich,1-0,2590,+7,2352,-5,GM,,manwithavan,2590,Gilevich,2352,238,A04,Time forfeit,60+0,2018.01.08,17:33:31,Standard,,2021-07-25T22:51:11+0000,lichess_manwithavan_2021-07-25.pgn
3756733f-ab98-4c60-945a-3a43909c875d,247,Bullet Shield Arena,https://lichess.org/sppkIUw0,2018.01.08,?,IMfeher,manwithavan,0-1,2191,-2,2587,+3,,GM,manwithavan,2587,IMfeher,2191,396,B00,Time forfeit,60+0,2018.01.08,17:31:47,Standard,,2021-07-25T22:51:11+0000,lichess_manwithavan_2021-07-25.pgn
50b847c4-d159-4bc4-9c77-ebd258db1d07,248,Bullet Shield Arena,https://lichess.org/FPJwaODD,2018.01.08,?,JimmyTudeski,manwithavan,0-1,2042,-1,2585,+2,,GM,manwithavan,2585,JimmyTudeski,2042,543,A15,Time forfeit,60+0,2018.01.08,17:29:46,Standard,,2021-07-25T22:51:11+0000,lichess_manwithavan_2021-07-25.pgn
4dddb522-7327-4260-a558-3e5ead9a1aab,249,Bullet Shield Arena,https://lichess.org/HK5jE2E9,2018.01.08,?,manwithavan,Arka50,1-0,2563,+22,2723,-21,GM,GM,manwithavan,2563,Arka50,2723,-160,A15,Normal,60+0,2018.01.08,17:27:18,Standard,,2021-07-25T22:51:11+0000,lichess_manwithavan_2021-07-25.pgn
70fac4dd-b778-4705-b031-82aebe01bfb9,250,Bullet Shield Arena,https://lichess.org/3mosFI9P,2018.01.08,?,manwithavan,DonPietroCarrera,1-0,2560,+3,2171,-2,GM,,manwithavan,2560,DonPietroCarrera,2171,389,A00,Normal,60+0,2018.01.08,17:25:24,Standard,,2021-07-25T22:51:11+0000,lichess_manwithavan_2021-07-25.pgn
a0caf612-8eff-4f89-8711-2b51dcd31de2,251,Bullet Shield Arena,https://lichess.org/k3jeRpez,2018.01.08,?,IMfeher,manwithavan,0-1,2185,-3,2556,+4,,GM,manwithavan,2556,IMfeher,2185,371,B00,Normal,60+0,2018.01.08,17:23:33,Standard,,2021-07-25T22:51:11+0000,lichess_manwithavan_2021-07-25.pgn
9c8c6995-cd4b-4670-b7be-842da58d3d55,252,Bullet Shield Arena,https://lichess.org/OBlgzsEU,2018.01.08,?,Alexander_Sichkar,manwithavan,0-1,2197,-3,2553,+3,,GM,manwithavan,2553,Alexander_Sichkar,2197,356,B21,Time forfeit,60+0,2018.01.08,17:21:43,Standard,,2021-07-25T22:51:11+0000,lichess_manwithavan_2021-07-25.pgn
66e67591-1ce1-420d-9d40-d0def4ecf7ed,253,Bullet Shield Arena,https://lichess.org/AbnKrtTl,2018.01.08,?,manwithavan,Ermolaev,1/2-1/2,2555,-2,2494,+2,GM,,draw,,draw,,0,C11,Normal,60+0,2018.01.08,17:20:11,Standard,,2021-07-25T22:51:11+0000,lichess_manwithavan_2021-07-25.pgn
ddd27284-a7d3-4784-aed9-74cb723eada3,254,Bullet Shield Arena,https://lichess.org/7dYECdor,2018.01.08,?,Sijavush,manwithavan,0-1,2153,-3,2552,+3,,GM,manwithavan,2552,Sijavush,2153,399,?,Abandoned,60+0,2018.01.08,17:19:37,Standard,,2021-07-25T22:51:11+0000,lichess_manwithavan_2021-07-25.pgn
45586c3d-db75-49dd-88f2-96a34d7f94c9,255,Bullet Shield Arena,https://lichess.org/jo9QWa8C,2018.01.08,?,manwithavan,streetfirer,1-0,2541,+11,2424,-8,GM,,manwithavan,2541,streetfirer,2424,117,A01,Normal,60+0,2018.01.08,17:18:24,Standard,,2021-07-25T22:51:11+0000,lichess_manwithavan_2021-07-25.pgn
db1088a4-6b8d-43f2-93bd-469ab6b25484,256,Bullet Shield Arena,https://lichess.org/Fo4kkXCD,2018.01.08,?,DragRauzer,manwithavan,0-1,2168,-3,2537,+4,,GM,manwithavan,2537,DragRauzer,2168,369,A00,Normal,60+0,2018.01.08,17:17:01,Standard,,2021-07-25T22:51:11+0000,lichess_manwithavan_2021-07-25.pgn
f233642e-1d0d-461f-b4d2-7c93c55cbaed,257,Bullet Shield Arena,https://lichess.org/kh3OWdNW,2018.01.08,?,manwithavan,streetfirer,1/2-1/2,2543,-6,2431,+4,GM,,draw,,draw,,0,B00,Normal,60+0,2018.01.08,17:15:15,Standard,,2021-07-25T22:51:11+0000,lichess_manwithavan_2021-07-25.pgn
42299a87-9b83-4881-a8ca-536d5ec27ebb,258,Bullet Shield Arena,https://lichess.org/Iywfr75R,2018.01.08,?,manwithavan,ZibbitVideos,1-0,2535,+8,2319,-5,GM,FM,manwithavan,2535,ZibbitVideos,2319,216,A01,Normal,60+0,2018.01.08,17:13:25,Standard,,2021-07-25T22:51:11+0000,lichess_manwithavan_2021-07-25.pgn
ca4a1d8e-02a2-4e63-b25f-a6ec656d3fa9,259,Bullet Shield Arena,https://lichess.org/lkvAon8W,2018.01.08,?,ragetilt,manwithavan,0-1,2481,-11,2519,+16,FM,GM,manwithavan,2519,ragetilt,2481,38,B12,Normal,60+0,2018.01.08,17:12:06,Standard,,2021-07-25T22:51:11+0000,lichess_manwithavan_2021-07-25.pgn
0f003e80-07f9-4e01-95bb-22448a8c2c99,260,Bullet Shield Arena,https://lichess.org/92i64obO,2018.01.08,?,mengene80,manwithavan,0-1,1892,-1,2518,+1,,GM,manwithavan,2518,mengene80,1892,626,A40,Time forfeit,60+0,2018.01.08,17:10:19,Standard,,2021-07-25T22:51:11+0000,lichess_manwithavan_2021-07-25.pgn
ba37f04e-c631-4911-995c-83783aee1cb6,261,Bullet Shield Arena,https://lichess.org/bvnHWZAr,2018.01.08,?,Happy_Jedi_2003,manwithavan,0-1,2594,-17,2495,+23,,GM,manwithavan,2495,Happy_Jedi_2003,2594,-99,D79,Normal,60+0,2018.01.08,17:08:51,Standard,,2021-07-25T22:51:11+0000,lichess_manwithavan_2021-07-25.pgn
35502621-4f03-4d5f-89fe-7a43af3162b6,262,Bullet Shield Arena,https://lichess.org/fG262IYw,2018.01.08,?,manwithavan,ZibbitVideos,1-0,2486,+9,2304,-6,GM,FM,manwithavan,2486,ZibbitVideos,2304,182,C05,Normal,60+0,2018.01.08,17:07:17,Standard,,2021-07-25T22:51:11+0000,lichess_manwithavan_2021-07-25.pgn
8167c7d3-9f2d-4c4c-8148-972e5ce7e55a,263,Bullet Shield Arena,https://lichess.org/qZQlxz9x,2018.01.08,?,manwithavan,FanniBanni,1-0,2477,+9,2262,-6,GM,FM,manwithavan,2477,FanniBanni,2262,215,A04,Time forfeit,60+0,2018.01.08,17:05:27,Standard,,2021-07-25T22:51:11+0000,lichess_manwithavan_2021-07-25.pgn
8136efc0-e082-4b22-a3e1-3ea8c37fe265,264,Bullet Shield Arena,https://lichess.org/Q23moixD,2018.01.08,?,manwithavan,ChampionOfBlitz,1-0,2473,+4,2091,-2,GM,,manwithavan,2473,ChampionOfBlitz,2091,382,A10,Normal,60+0,2018.01.08,17:04:15,Standard,,2021-07-25T22:51:11+0000,lichess_manwithavan_2021-07-25.pgn
290c491e-0d6d-4f09-86bd-ac13482bc9d4,265,Bullet Shield Arena,https://lichess.org/x73jvKhP,2018.01.08,?,Happy_Jedi_2003,manwithavan,0-1,2629,-21,2444,+29,,GM,manwithavan,2444,Happy_Jedi_2003,2629,-185,D02,Normal,60+0,2018.01.08,17:02:26,Standard,,2021-07-25T22:51:11+0000,lichess_manwithavan_2021-07-25.pgn
ab551616-8bfd-42fc-b4d3-b61564c1baec,266,Bullet Shield Arena,https://lichess.org/inMwEfoY,2018.01.08,?,manwithavan,streetfirer,1-0,2423,+21,2458,-14,GM,,manwithavan,2423,streetfirer,2458,-35,A05,Normal,60+0,2018.01.08,17:01:24,Standard,,2021-07-25T22:51:11+0000,lichess_manwithavan_2021-07-25.pgn
24ecc34c-9b6f-4e37-9114-474b7feb7381,267,Bullet Shield Arena,https://lichess.org/KF9miA8P,2018.01.08,?,ZibbitVideos,manwithavan,0-1,2277,-8,2409,+14,FM,GM,manwithavan,2409,ZibbitVideos,2277,132,A10,Normal,60+0,2018.01.08,17:00:46,Standard,,2021-07-25T22:51:11+0000,lichess_manwithavan_2021-07-25.pgn
818577eb-451d-42c1-a89d-0ae27051dfce,268,Bullet Shield Arena,https://lichess.org/GfUgfprI,2018.01.08,?,manwithavan,Arka50,1-0,2370,+39,2769,-28,GM,GM,manwithavan,2370,Arka50,2769,-399,C44,Normal,60+0,2018.01.08,16:58:26,Standard,,2021-07-25T22:51:11+0000,lichess_manwithavan_2021-07-25.pgn
ea576a70-bba5-4745-aff9-ac78317e2cd0,269,Bullet Shield Arena,https://lichess.org/PUVBZXRU,2018.01.08,?,San_009,manwithavan,0-1,2112,-5,2361,+9,,GM,manwithavan,2361,San_009,2112,249,A48,Normal,60+0,2018.01.08,16:56:59,Standard,,2021-07-25T22:51:11+0000,lichess_manwithavan_2021-07-25.pgn
54c06874-902d-4405-8b96-d2ae1dc47208,270,Bullet Shield Arena,https://lichess.org/pH8j4sGO,2018.01.08,?,Oan,manwithavan,0-1,2239,-10,2346,+15,,GM,manwithavan,2346,Oan,2239,107,C25,Normal,60+0,2018.01.08,16:56:00,Standard,,2021-07-25T22:51:11+0000,lichess_manwithavan_2021-07-25.pgn
c088f49d-ad34-4586-971b-1793e13b66e6,271,Bullet Shield Arena,https://lichess.org/LtfUKYFC,2018.01.08,?,manwithavan,korovamilkbar,1-0,2324,+22,2298,-12,GM,,manwithavan,2324,korovamilkbar,2298,26,A00,Normal,60+0,2018.01.08,16:55:06,Standard,,2021-07-25T22:51:11+0000,lichess_manwithavan_2021-07-25.pgn
b023b172-8f48-49fe-b755-2c2b20300181,272,Bullet Shield Arena,https://lichess.org/8XzR3F7o,2018.01.08,?,manwithavan,Maat39,1-0,2304,+20,2229,-10,GM,,manwithavan,2304,Maat39,2229,75,A56,Normal,60+0,2018.01.08,16:53:47,Standard,,2021-07-25T22:51:11+0000,lichess_manwithavan_2021-07-25.pgn
31b6a216-3a97-4e09-a844-88c8d4ce38d1,273,Bullet Shield Arena,https://lichess.org/ZsrDwsF2,2018.01.08,?,InsaneChessPlayer,manwithavan,0-1,2353,-15,2272,+32,,GM,manwithavan,2272,InsaneChessPlayer,2353,-81,A01,Normal,60+0,2018.01.08,16:51:35,Standard,,2021-07-25T22:51:11+0000,lichess_manwithavan_2021-07-25.pgn
d763fc9c-e9f3-4fbc-af64-ee8cad070999,274,Bullet Shield Arena,https://lichess.org/HWSqlQge,2018.01.08,?,ragetilt,manwithavan,0-1,2472,-21,2228,+44,FM,GM,manwithavan,2228,ragetilt,2472,-244,B01,Time forfeit,60+0,2018.01.08,16:49:42,Standard,,2021-07-25T22:51:11+0000,lichess_manwithavan_2021-07-25.pgn
5c0dac71-d136-4d0e-be41-4f4ac8ed6af1,275,Bullet Shield Arena,https://lichess.org/6Qw0hkTW,2018.01.08,?,manwithavan,Draske,1-0,2185,+43,2367,-19,GM,IM,manwithavan,2185,Draske,2367,-182,A00,Normal,60+0,2018.01.08,16:47:08,Standard,,2021-07-25T22:51:11+0000,lichess_manwithavan_2021-07-25.pgn
0c9c1bc5-13c1-496e-b412-e97b631fe1b6,276,Bullet Shield Arena,https://lichess.org/4uaPSmoJ,2018.01.08,?,manwithavan,mntal36,1-0,2148,+37,2219,-13,GM,,manwithavan,2148,mntal36,2219,-71,A00,Normal,60+0,2018.01.08,16:45:18,Standard,,2021-07-25T22:51:11+0000,lichess_manwithavan_2021-07-25.pgn
c3f0c1f0-6258-4b11-9f80-767bb4c0653f,277,Bullet Shield Arena,https://lichess.org/hLdq1Rbc,2018.01.08,?,anandthelegend,manwithavan,0-1,2154,-13,2110,+38,,GM,manwithavan,2110,anandthelegend,2154,-44,A04,Normal,60+0,2018.01.08,16:44:25,Standard,,2021-07-25T22:51:11+0000,lichess_manwithavan_2021-07-25.pgn
8f55c0a8-2781-4c6a-be18-d3e4ae1b96d9,278,Bullet Shield Arena,https://lichess.org/89BXaqyb,2018.01.08,?,manwithavan,garco,0-1,2119,-9,2464,+3,GM,,garco,2464,manwithavan,2119,345,A48,Normal,60+0,2018.01.08,16:42:28,Standard,,2021-07-25T22:51:11+0000,lichess_manwithavan_2021-07-25.pgn
2d58e47c-4371-4b60-9743-f68983c3da19,279,Bullet Shield Arena,https://lichess.org/b4Mwnn73,2018.01.08,?,Fightmaster1,manwithavan,0-1,2081,-13,2082,+37,,GM,manwithavan,2082,Fightmaster1,2081,1,D85,Normal,60+0,2018.01.08,16:41:06,Standard,,2021-07-25T22:51:11+0000,lichess_manwithavan_2021-07-25.pgn
c2dcc909-ab90-4f8c-bd29-0314ade951c1,280,Bullet Shield Arena,https://lichess.org/hWpN5xfI,2018.01.08,?,mutdpro,manwithavan,1-0,2718,+1,2084,-2,IM,GM,mutdpro,2718,manwithavan,2084,634,A00,Normal,60+0,2018.01.08,16:38:20,Standard,,2021-07-25T22:51:11+0000,lichess_manwithavan_2021-07-25.pgn
2a830210-cf7b-4f00-953f-ea1af5e38249,281,Bullet Shield Arena,https://lichess.org/GBIwUJ4y,2018.01.08,?,manwithavan,juljas,1-0,2050,+34,1983,-11,GM,,manwithavan,2050,juljas,1983,67,A40,Normal,60+0,2018.01.08,16:37:13,Standard,,2021-07-25T22:51:11+0000,lichess_manwithavan_2021-07-25.pgn
c87730b2-b9e2-4729-8a27-709fa7c9b7f3,282,Bullet Shield Arena,https://lichess.org/p107NBAu,2018.01.08,?,garco,manwithavan,1-0,2414,+4,2061,-11,,GM,garco,2414,manwithavan,2061,353,A05,Normal,60+0,2018.01.08,16:36:11,Standard,,2021-07-25T22:51:11+0000,lichess_manwithavan_2021-07-25.pgn
ba3c103b-af9e-4f17-945a-ed85f3e87f6d,283,Bullet Shield Arena,https://lichess.org/wXT8Mkfz,2018.01.08,?,manwithavan,ChampionOfBlitz,1-0,2004,+57,2054,-12,GM,,manwithavan,2004,ChampionOfBlitz,2054,-50,A01,Normal,60+0,2018.01.08,16:35:08,Standard,,2021-07-25T22:51:11+0000,lichess_manwithavan_2021-07-25.pgn
da99e444-5126-4bda-87a3-5ec0b1e60697,284,Bullet Shield Arena,https://lichess.org/SnYJYRIU,2018.01.08,?,lucianobonfico,manwithavan,0-1,2018,-13,1933,+71,,GM,manwithavan,1933,lucianobonfico,2018,-85,B01,Time forfeit,60+0,2018.01.08,16:32:46,Standard,,2021-07-25T22:51:11+0000,lichess_manwithavan_2021-07-25.pgn
e77484bd-48a8-4dde-bafa-f1841c53893e,285,Bullet Shield Arena,https://lichess.org/v9GUHkdw,2018.01.08,?,manwithavan,ROBINIO,1-0,1887,+46,1768,-7,GM,,manwithavan,1887,ROBINIO,1768,119,E90,Time forfeit,60+0,2018.01.08,16:30:44,Standard,,2021-07-25T22:51:11+0000,lichess_manwithavan_2021-07-25.pgn
0f873a43-b90c-4656-ba39-e62764d30f1d,286,Bullet Shield Arena,https://lichess.org/9qQB2WAK,2018.01.08,?,manwithavan,Mseserovich,1-0,1842,+45,1673,-7,GM,,manwithavan,1842,Mseserovich,1673,169,A17,Normal,60+0,2018.01.08,16:29:19,Standard,,2021-07-25T22:51:11+0000,lichess_manwithavan_2021-07-25.pgn
ab52107d-3648-4adf-af96-cb51a558b32a,287,Bullet Shield Arena,https://lichess.org/kSTGfa5Z,2018.01.08,?,ndaddiggypose,manwithavan,0-1,1538,-4,1806,+36,,GM,manwithavan,1806,ndaddiggypose,1538,268,A45,Normal,60+0,2018.01.08,16:28:10,Standard,,2021-07-25T22:51:11+0000,lichess_manwithavan_2021-07-25.pgn
05ff6e99-9727-4b73-a809-f10cea03758c,288,Bullet Shield Arena,https://lichess.org/jK8f9Z6h,2018.01.08,?,DynamoAlchemyst,manwithavan,0-1,1740,-11,1660,+146,,GM,manwithavan,1660,DynamoAlchemyst,1740,-80,A30,Time forfeit,60+0,2018.01.08,16:15:03,Standard,,2021-07-25T22:51:11+0000,lichess_manwithavan_2021-07-25.pgn
ce95f1bf-b2ba-488a-99fc-e4fe3efa42e5,289,Bullet Shield Arena,https://lichess.org/qLLmJ70u,2018.01.08,?,manwithavan,FORDSHAM,1-0,1500,+160,1468,-7,GM,,manwithavan,1500,FORDSHAM,1468,32,A00,Normal,60+0,2018.01.08,16:13:54,Standard,,2021-07-25T22:51:11+0000,lichess_manwithavan_2021-07-25.pgn
